Last name,First name,Full name,Countries,born,died
Tseitlin,Mikhail,Mikhail Tseitlin,"Belarus,Russia",1947,
Gupta,Abhijeet,Abhijeet Gupta,India,1989,
Eljanov,Pavel,Pavel Eljanov,Ukraine,1983,
Kolev,Atanas,Atanas Kolev,Bulgaria,1967,
Havasi,Kornél,Kornél Havasi,Hungary,1892,1945
Blum,Oscar,Oscar Blum,"Lithuania,France",<1910,?
Dokhoian,Yury,Yury Dokhoian,Russia,1964,
Wells,Peter,Peter Wells,England,1965,
Moiseenko,Alexander,Alexander Moiseenko,Ukraine,1980,
Ivanišević,Ivan,Ivan Ivanišević,Serbia,1977,
Griffith,Richard,Richard Griffith,England,1872,1955
Hromádka,Karel,Karel Hromádka,"Bohemia,Czechoslovakia",1887,1956
Tomović,Vasilije,Vasilije Tomović,Montenegro,1906,?
Dreibergs,Leonids,Leonids Dreibergs,"Latvia,US",1908,1969
Qin,Kanying,Qin Kanying,China,1974,
Friedemann,Gunnar,Gunnar Friedemann,Estonia,1909,1943
Chajes,Oscar,Oscar Chajes,"Ukraine,Austria,US",1873,1928
Uedemann,Louis,Louis Uedemann,US,1854,1912
Najdorf,Miguel,Miguel Najdorf,"Poland,Argentina",1910,1997
Akobian,Varuzhan,Varuzhan Akobian,"Armenia,US",1983,
Chekhov,Valery,Valery Chekhov,Russia,1955,
Schmitt,Ludwig,Ludwig Schmitt,Germany,<1910,
Laurine,Leho,Leho Laurine,"Estonia,Sweden",1904,1998
Sournin,Vladimir,Vladimir Sournin,"Russia,US",1875,1942
Jones,Gawain,Gawain Jones,England,1987,
Levin,Naum,Naum Levin,"Ukraine,Australia",1933,
King,Daniel,Daniel King,England,1963,
Blümich,Max,Max Blümich,Germany,1886,1942
Rubinstein,Emanuel,Emanuel Rubinstein,Poland,1897,?
Berczes,David,David Berczes,Hungary,1990,
Lasa,Baron Tassilo von Heydebrand und der,Baron Tassilo von Heydebrand und der Lasa,Prussia/Germany,1818,1899
Sloan,Sam,Sam Sloan,United States,1944,
Lasker,Emanuel,Emanuel Lasker,"Germany,Russia,US",1868,1941
Harandi,Khosro,Khosro Harandi,Iran,1950,
Dyckhoff,Eduard,Eduard Dyckhoff,Germany,1880,1949
Winz,Victor,Victor Winz,"Germany,Israel,Argentina",1906,
Matveeva,Svetlana,Svetlana Matveeva,Russia,1969,
Nilsson,Allan,Allan Nilsson,Sweden,1899,1949
Bartel,Mateusz,Mateusz Bartel,Poland,1985,
Hosmer,Henry,Henry Hosmer,US,1837,1892
Taussig,Lev,Lev Taussig,Czechoslovakia,1880,?
Chernin,Alexander,Alexander Chernin,"Ukraine,Hungary",1960,
Conquest,Stuart,Stuart Conquest,England,1967,
Karpov,Anatoly,Anatoly Karpov,Russia,1951,
Schallopp,Emil,Emil Schallopp,Germany,1843,1919
Vranesic,Zvonko,Zvonko Vranesic,"Croatia,Canada",1938,
Kupreichik,Viktor,Viktor Kupreichik,Belarus,1949,2017
Miladinović,Igor,Igor Miladinović,Serbia,1974,
Kotov,Alexander,Alexander Kotov,Russia,1913,1981
Jagielski,Jerzy,Jerzy Jagielski,"Poland,Germany",1897,1955
Regedziński,Teodor,Teodor Regedziński,Poland,1894,1954
Markowski,Tomasz,Tomasz Markowski,Poland,1975,
Falkbeer,Ernst,Ernst Falkbeer,Austria-Hungary,1819,1885
Amelung,Friedrich,Friedrich Amelung,"Estonia,Latvia",1842,1909
Aloni,Yoel,Yoel Aloni,Israel,1937,
Prudnikova,Svetlana,Svetlana Prudnikova,Russia,1967,
Gossip,George H. D.,George H. D. Gossip,"US,England",1841,1907
Lahno,Kateryna,Kateryna Lahno,Ukraine,1989,
Solovtsov,Alexander,Alexander Solovtsov,Russia,1847,1923
Bētiņš,Kārlis,Kārlis Bētiņš,Latvia,1867,1943
Arnason,Jon,Jon Arnason,Iceland,1960,
Zíta,František,František Zíta,Czechoslovakia,1909,1977
Wolff,Balduin,Balduin Wolff,Germany,1819,1907
Swiderski,Rudolf,Rudolf Swiderski,Germany,1878,1909
Tautvaišas,Povilas,Povilas Tautvaišas,"Lithuania,US",1916,1980
Nei,Iivo,Iivo Nei,Estonia,1931,
Duz-Khotimirsky,Fyodor,Fyodor Duz-Khotimirsky,Ukraine,1879,1965
Gerlecka,Regina,Regina Gerlecka,Poland,1913,1983
Darga,Klaus,Klaus Darga,Germany,1934,
Vygodchikov,Konstantin,Konstantin Vygodchikov,"Belarus,Russia",1892,1941
Ardid,Ramón Rey,Ramón Rey Ardid,Spain,1903,1988
Reinderman,Dimitri,Dimitri Reinderman,Netherlands,1972,
Neikirch,Oleg,Oleg Neikirch,"Georgia,Bulgaria",1914,1985
Sturua,Zurab,Zurab Sturua,Georgia,1964,
Birnboim,Nathan,Nathan Birnboim,Israel,1950,
Riemann,Fritz,Fritz Riemann,Germany,1859,1932
Bruzón,Lázaro,Lázaro Bruzón,Cuba,1982,
From,Martin Severin,Martin Severin From,Denmark,1828,1895
Fahrni,Hans,Hans Fahrni,"Bohemia,Switzerland",1874,1939
Ahues,Carl,Carl Ahues,Germany,1883,1968
Iuldachev,Saidali,Saidali Iuldachev,Uzbekistan,1968,
Grob,Henri,Henri Grob,Switzerland,1904,1974
Bleijkmans,Dirk,Dirk Bleijkmans,"Netherlands,Indonesia",1875,?
Ipatov,Alexander,Alexander Ipatov,"Ukraine,Spain,Turkey",1993,
Alburt,Lev,Lev Alburt,"Russia,US",1945,
Corke,Anya,Anya Corke,"England,Hong Kong",1990,
Rubanraut,Serge,Serge Rubanraut,"China,Australia",1948,2008
Rotlewi,Gersz,Gersz Rotlewi,Poland,1889,1920
Dyner,Boruch Israel,Boruch Israel Dyner,"Poland,Belgium,Israel",1903,1979
Ronde,Chris de,Chris de Ronde,"Netherlands,Argentina",1912,1996
Hebden,Mark,Mark Hebden,England,1958,
Palmer,Ryan,Ryan Palmer,Jamaica,1974,
Marshall,Frank,Frank Marshall,US,1877,1944
Foguelman,Alberto,Alberto Foguelman,Argentina,1923,2013
Nielsen,Torkil,Torkil Nielsen,Faroe Islands,1964,
Mieses,Samuel,Samuel Mieses,Germany,1841,1884
Schmaltz,Roland,Roland Schmaltz,Germany,1974,
Volkov,Sergey,Sergey Volkov,Russia,1974,
Guimard,Carlos,Carlos Guimard,Argentina,1913,1998
Mendoza,Luciana Morales,Luciana Morales Mendoza,Peru,1987,
Huang,Qian,Huang Qian,China,1986,
Pelletier,Yannick,Yannick Pelletier,Switzerland,1976,
Ivanović,Božidar,Božidar Ivanović,Montenegro,1949,
Kasparov,Garry,Garry Kasparov,"Azerbaijan,Russia",1963,
Yudasin,Leonid,Leonid Yudasin,"Russia,Israel",1959,
Horowitz,Israel,Israel Horowitz,US,1907,1973
Marotti,Davide,Davide Marotti,Italy,1881,1940
Daniuszewski,Dawid,Dawid Daniuszewski,Poland,1885,1944
Gruenfeld,Yehuda,Yehuda Gruenfeld,"Poland,Israel",1956,
Danielsson,Gösta,Gösta Danielsson,Sweden,1912,1978
Soćko,Bartosz,Bartosz Soćko,Poland,1978,
Horwitz,Bernhard,Bernhard Horwitz,"Germany,England",1807,1885
Vajda,Árpád,Árpád Vajda,Hungary,1896,1967
Carrasco,Berna,Berna Carrasco,Chile,1914,2013
Schulten,John William,John William Schulten,US,1821,1875
Enoch,David,David Enoch,Israel,1901,1949
Svetushkin,Dmitry,Dmitry Svetushkin,Moldova,1980,
Bagirov,Vladimir,Vladimir Bagirov,"USSR,Latvia",1936,2000
Mkrtchian,Lilit,Lilit Mkrtchian,Armenia,1982,
Tuhan-Baranowski,Leon,Leon Tuhan-Baranowski,"Poland,Germany",1907,1954
Milner-Barry,Stuart,Stuart Milner-Barry,England,1906,1995
Rabinovich,Abram,Abram Rabinovich,"Lithuania,Russia",1878,1943
Tong,Yuanming,Tong Yuanming,China,1972,
Fontein,George Salto,George Salto Fontein,Netherlands,1890,1963
Schwarz,Jacques,Jacques Schwarz,Austria,1856,1921
Williams,Elijah,Elijah Williams,England,1810,1854
Bykova,Elisabeth,Elisabeth Bykova,Russia,1913,1989
Vukić,Milan,Milan Vukić,"Serbia,Bosnia",1942,
Benko,Pal,Pal Benko,"France,Hungary,US",1928,
Stean,Michael,Michael Stean,England,1953,
Murey,Jacob,Jacob Murey,"Russia,Israel",1941,
Rudolf,Anna,Anna Rudolf,Hungary,1987,
Tseshkovsky,Vitaly,Vitaly Tseshkovsky,Russia,1944,2011
Platonov,Igor,Igor Platonov,Ukraine,1934,1995
Kermeur,Legall de,Legall de Kermeur,France,1702,1792
Narayanan,Srinath,Srinath Narayanan,India,1994,
Cicak,Slavko,Slavko Cicak,"Montenegro,Sweden",1969,
Chamier,Edward,Edward Chamier,"England,France",1840,1892
Puc,Stojan,Stojan Puc,Slovenia,1921,2004
Bu,Xiangzhi,Bu Xiangzhi,China,1985,
Rogers,Ian,Ian Rogers,Australia,1960,
Rossetto,Héctor,Héctor Rossetto,Argentina,1922,2009
Radjabov,Teimour,Teimour Radjabov,Azerbaijan,1987,
Morshed,Niaz,Niaz Morshed,Bangladesh,1966,
Wu,Shaobin,Wu Shaobin,Singapore,1969,
Lasker,Berthold,Berthold Lasker,Germany,1860,1928
Riegler,Alessandra,Alessandra Riegler,Italy,1961,
Šajtar,Jaroslav,Jaroslav Šajtar,Czechoslovakia,1921,2003
Ólafsson,Friðrik,Friðrik Ólafsson,Iceland,1935,
Füster,Géza,Géza Füster,"Hungary,Canada",1910,1990
Thiruchelvam,Murugan,Murugan Thiruchelvam,England,1988,
Atalik,Ekaterina,Ekaterina Atalik,"Russia,Turkey",1982,
Clemenz,Hermann,Hermann Clemenz,Estonia,1846,1908
Nielsen,Peter Heine,Peter Heine Nielsen,Denmark,1973,
Baginskaite,Camilla,Camilla Baginskaite,"Soviet Union,Lithuania,US",1967,
Pogrebyssky,Iosif,Iosif Pogrebyssky,Ukraine,1906,1971
Heidenfeld,Wolfgang,Wolfgang Heidenfeld,"Germany,South Africa,Ireland",1911,1981
Knorre,Viktor,Viktor Knorre,Russia,1840,1919
Mikėnas,Vladas,Vladas Mikėnas,"Estonia,Lithuania",1910,1992
Bannik,Anatoly,Anatoly Bannik,Ukraine,1921,2013
Pachman,Ludek,Ludek Pachman,"Czechoslovakia,Germany",1924,2003
Valvo,Michael,Michael Valvo,US,1942,2004
Pavasovič,Duško,Duško Pavasovič,"Croatia,Slovenia",1975,
Shariyazdanov,Andrey,Andrey Shariyazdanov,Russia,1976,
Sergeyev,Aleksandr,Aleksandr Sergeyev,Russia,1897,1970
Réti,Richard,Richard Réti,"Austria-Hungary,Czechoslovakia",1889,1929
Heinicke,Herbert,Herbert Heinicke,"Brazil,Germany",1905,1988
Aronian,Levon,Levon Aronian,Armenia,1982,
Chang,Tung Lo,Chang Tung Lo,China,<1960,
Kuligowski,Adam,Adam Kuligowski,Poland,1955,
Parligras,Mircea,Mircea Parligras,Romania,1980,
Löwenborg,Otto,Otto Löwenborg,Sweden,1888,1969
Levitina,Irina,Irina Levitina,"Russia,US",1954,
Glass,Eduard,Eduard Glass,Austria,1902,>1980
Levin,Alexander,Alexander Levin,Russia,1871,1929
Rajlich,Iweta,Iweta Rajlich,Poland,1981,
Stolzenberg,Leon,Leon Stolzenberg,"Poland,US",1895,1974
Schmidt,Wlodzimierz,Wlodzimierz Schmidt,Poland,1943,
Varnusz,Egon,Egon Varnusz,Hungary,1933,2008
Tukmakov,Vladimir,Vladimir Tukmakov,Ukraine,1946,
Ozols,Karlis,Karlis Ozols,"Latvia,Australia",1912,2001
Euwe,Max,Max Euwe,Netherlands,1901,1981
Gurevich,Mikhail,Mikhail Gurevich,"Ukraine,Belgium,Turkey",1959,
Winawer,Szymon,Szymon Winawer,Poland,1838,1920
Rosenthal,Samuel,Samuel Rosenthal,"Poland,France",1837,1902
Kibbermann,Feliks,Feliks Kibbermann,Estonia,1902,1993
Lin,Weiguo,Lin Weiguo,China,1970,
Ricardi,Pablo,Pablo Ricardi,Argentina,1962,
Slobodjan,Roman,Roman Slobodjan,Germany,1975,
Hanstein,Wilhelm,Wilhelm Hanstein,Germany,1811,1850
Planinc,Albin,Albin Planinc,Slovenia,1944,2008
Gretarsson,Helgi,Helgi Gretarsson,Iceland,1977,
Zhang,Xiaowen,Zhang Xiaowen,China,1989,
Gipslis,Aivars,Aivars Gipslis,Latvia,1937,2000
Mitoń,Kamil,Kamil Mitoń,Poland,1984,
Schlage,Willi,Willi Schlage,Germany,1888,1940
Velikov,Petar,Petar Velikov,Bulgaria,1951,
Illa,Rolando,Rolando Illa,"US,Cuba,Argentina",1880,1937
Avrukh,Boris,Boris Avrukh,Israel,1978,
Onischuk,Alexander,Alexander Onischuk,"Ukraine,US",1975,
Carlsson,Pontus,Pontus Carlsson,Sweden,1982,
McDonald,Neil,Neil McDonald,England,1967,
Psakhis,Lev,Lev Psakhis,"Russia,Israel",1958,
Wagner,Heinrich,Heinrich Wagner,Germany,1888,1959
Samarian,Sergiu,Sergiu Samarian,"Romania,Germany",1923,1991
Vitiugov,Nikita,Nikita Vitiugov,Russia,1987,
Wolf,Siegfried Reginald,Siegfried Reginald Wolf,"Austria,Israel",1867,1951
Damjanović,Mato,Mato Damjanović,Croatia,1927,2011
Neverov,Valeriy,Valeriy Neverov,Ukraine,1962,
Mackenzie,George Henry,George Henry Mackenzie,"Scotland,US",1837,1891
Robson,Ray,Ray Robson,US,1994,
Raizman,Maurice,Maurice Raizman,"Moldova/Russia,France",1905,1974
Treybal,Karel,Karel Treybal,Czechoslovakia,1885,1941
Wu,Wenjin,Wu Wenjin,China,1976,
Zimmermann,Otto,Otto Zimmermann,Switzerland,1892,1979
Sunnucks,Anne,Anne Sunnucks,England,1927,
Johannessen,Leif Erlend,Leif Erlend Johannessen,Norway,1980,
Shamkovich,Leonid,Leonid Shamkovich,"Russia,Israel,US",1923,2005
Minić,Dragoljub,Dragoljub Minić,Montenegro,1936,2005
Tkachiev,Vladislav,Vladislav Tkachiev,"Russia,Kazakhstan,France",1973,
Krejcik,Josef,Josef Krejcik,Austria,1885,1957
Hulak,Krunoslav,Krunoslav Hulak,Croatia,1951,
Rittner,Horst,Horst Rittner,Germany,1930,
Motylev,Alexander,Alexander Motylev,Russia,1979,
Bergkvist,Nils,Nils Bergkvist,Sweden,1900,?
Tikkanen,Hans,Hans Tikkanen,Sweden,1985,
Moritz,Bruno,Bruno Moritz,"Germany,Ecuador",1900,?
Romih,Max,Max Romih,"Croatia,Italy",1893,1979
Afromeev,Vladimir,Vladimir Afromeev,Russia,1954,
Znosko-Borovsky,Eugene,Eugene Znosko-Borovsky,"Russia,France",1884,1954
Petrovs,Vladimirs,Vladimirs Petrovs,Latvia,1907,1943
Melkumyan,Hrant,Hrant Melkumyan,Armenia,1989,
Teterev,Vitaly,Vitaly Teterev,Belarus,1983,
Czerniak,Moshe,Moshe Czerniak,"Poland,Israel",1910,1984
Smyslov,Vasily,Vasily Smyslov,Russia,1921,2010
Umansky,Mikhail,Mikhail Umansky,Russia,1952,
Hönlinger,Baldur,Baldur Hönlinger,"Austria,Germany",1905,1990
Mar,Karmen,Karmen Mar,Slovenia,1987,
López de Segura,Ruy,Ruy López de Segura,Spain,c. 1530,c. 1580
Kluger,Gyula,Gyula Kluger,Hungary,1914,1994
Vliet,Louis van,Louis van Vliet,Netherlands,1870,1932
Rodshtein,Maxim,Maxim Rodshtein,Israel,1989,
Fishbein,Alex,Alex Fishbein,US,1968,
Morphy,Paul,Paul Morphy,US,1837,1884
Beskow,Katarina,Katarina Beskow,Sweden,1867,1939
Zhou,Jianchao,Zhou Jianchao,China,1988,
Liêm,Lê Quang,Lê Quang Liêm,Vietnam,1991,
Boden,Samuel,Samuel Boden,England,1826,1882
Turner,Abe,Abe Turner,US,1924,1962
Jenni,Florian,Florian Jenni,Switzerland,1980,
Fox,Albert,Albert Fox,US,1881,1964
Qi,Jingxuan,Qi Jingxuan,China,1947,
Volpert,Larisa,Larisa Volpert,Russia,1926,2017
Zawadzka,Jolanta,Jolanta Zawadzka,Poland,1987,
Antze,Oskar,Oskar Antze,Germany,1878,
Cebalo,Mišo,Mišo Cebalo,Croatia,1945,
Fedoseev,Vladimir,Vladimir Fedoseev,Russia,1995,
Karlovich,Anastasiya,Anastasiya Karlovich,Ukraine,1982,
Gottschall,Hermann von,Hermann von Gottschall,Germany,1862,1933
Dake,Arthur,Arthur Dake,US,1910,2000
Grimm,Vincent,Vincent Grimm,"Austria,Hungary",1800,1872
Viner,William Samuel,William Samuel Viner,Australia,1881,1933
Klovāns,Jānis,Jānis Klovāns,Latvia,1935,2010
Dreyer,Kurt,Kurt Dreyer,"Germany,South Africa",1909,1981
Fajarowicz,Sammi,Sammi Fajarowicz,Germany,1908,1940
Bondarevsky,Igor,Igor Bondarevsky,Russia,1913,1979
Giersing,Johannes,Johannes Giersing,Denmark,1872,1954
Gleizerov,Evgeny,Evgeny Gleizerov,Russia,1963,
Robatsch,Karl,Karl Robatsch,Austria,1928,2000
Lerner,Konstantin,Konstantin Lerner,Ukraine,1950,2011
Fazekas,Stefan,Stefan Fazekas,"Hungary,Czechoslovakia,England",1898,1967
Sacconi,Antonio,Antonio Sacconi,Italy,1895,1968
Bielicki,Carlos,Carlos Bielicki,Argentina,1940,
Warwick,Cathy,Cathy Warwick,England,1968,
Ķeņģis,Edvīns,Edvīns Ķeņģis,Latvia,1959,
Germann,Theodor,Theodor Germann,Latvia,1879,1935
Post,Ehrhardt,Ehrhardt Post,Germany,1881,1947
Kamsky,Gata,Gata Kamsky,"Russia,US",1974,
Zubarev,Alexander,Alexander Zubarev,Ukraine,1979,
Hellsten,Johan,Johan Hellsten,Sweden,1975,
Kotrč,Jan,Jan Kotrč,Czechoslovakia,1862,1943
John,Walter,Walter John,"Poland,Germany",1879,1940
Byrne,Donald,Donald Byrne,US,1930,1976
Korotylev,Alexey,Alexey Korotylev,Russia,1977,
Sarratt,Jacob,Jacob Sarratt,England,1772,1819
Dunkelblum,Arthur,Arthur Dunkelblum,"Poland,Belgium",1906,1979
Leonhardt,Paul Saladin,Paul Saladin Leonhardt,"Poland,Germany",1877,1934
Tarrasch,Siegbert,Siegbert Tarrasch,Germany,1862,1934
Adewumi,Tanitoluwa,Tanitoluwa Adewumi,"Nigeria,US",2010,
Trang,Hoang Thanh,Hoang Thanh Trang,"Vietnam,Hungary",1980,
Amos,Bruce,Bruce Amos,Canada,1946,
Davies,Nigel,Nigel Davies,England,1960,
Gromer,Aristide,Aristide Gromer,France,1909,
Alexandre,Aaron,Aaron Alexandre,"Germany,France,England",1765,1850
Blehm,Paweł,Paweł Blehm,Poland,1980,
Keller,Rudolf,Rudolf Keller,Germany,1917,1993
Mayet,Carl,Carl Mayet,Germany,1810,1868
Alekseev,Evgeny,Evgeny Alekseev,Russia,1985,
Belavenets,Liudmila,Liudmila Belavenets,Russia,1940,
Ragger,Markus,Markus Ragger,Austria,1988,
Zinkl,Adolf,Adolf Zinkl,"Bohemia,Austria",1871,1944
Kharlov,Andrei,Andrei Kharlov,Russia,1968,2014
Lipke,Paul,Paul Lipke,Germany,1870,1955
Bacrot,Étienne,Étienne Bacrot,France,1983,
Lupi,Francisco,Francisco Lupi,Portugal,before 1910,1954
Laylo,Darwin,Darwin Laylo,Philippines,1980,
Hanneken,Hermann von,Hermann von Hanneken,Germany,1810,1886
Naegeli,Oskar,Oskar Naegeli,Switzerland,1885,1959
Freymann,Sergey von,Sergey von Freymann,"Russia,Uzbekistan",1882,1946
Brynell,Stellan,Stellan Brynell,Sweden,1962,
Agrest,Evgeny,Evgeny Agrest,"Belarus,Sweden",1966,
Flatow,Alfred,Alfred Flatow,"Germany,Australia",1937,
Vistaneckis,Isakas,Isakas Vistaneckis,"Lithuania,Israel",1910,2000
Morozevich,Alexander,Alexander Morozevich,Russia,1977,
Wade,Robert,Robert Wade,"New Zealand,England",1921,2008
Mont,Julius du,Julius du Mont,"France,England",1881,1956
Rashkovsky,Nukhim,Nukhim Rashkovsky,Russia,1946,
Howell,James,James Howell,England,1967,
Todorcevic,Miodrag,Miodrag Todorcevic,"Serbia,France",1940,
Yin,Hao,Yin Hao,China,1979,
Larsen,Bent,Bent Larsen,Denmark,1935,2010
Wagner,Alexander,Alexander Wagner,Poland,1868,1942
Haussernot,Cécile,Cécile Haussernot,France,1998,
Stamm,Wilhelm von,Wilhelm von Stamm,Latvia,?,1905
Cortlever,Nicolaas,Nicolaas Cortlever,Netherlands,1915,1995
Greenfeld,Alon,Alon Greenfeld,"US,Israel",1964,
Rublevsky,Sergei,Sergei Rublevsky,Russia,1974,
Zúpide,Celso Golmayo,Celso Golmayo Zúpide,"Spain,Cuba",1820,1898
Mongredien,Augustus,Augustus Mongredien,England,1807,1888
Timman,Jan,Jan Timman,Netherlands,1951,
Hammer,Jon Ludvig,Jon Ludvig Hammer,Norway,1990,
Evans,William Davies,William Davies Evans,Wales,1790,1872
Nowarra,Heinz,Heinz Nowarra,Germany,1897,c. 1945
Deschapelles,Alexandre,Alexandre Deschapelles,France,1780,1847
Tartakower,Savielly,Savielly Tartakower,"Austria/Poland,France",1887,1956
Kaufmann,Arthur,Arthur Kaufmann,"Romania,Austria",1872,1940
Banikas,Hristos,Hristos Banikas,Greece,1978,
Hort,Vlastimil,Vlastimil Hort,"Czechoslovakia,Germany",1944,
Schmid,Lothar,Lothar Schmid,Germany,1928,2013
Alekhine,Alexei,Alexei Alekhine,Russia,1888,1939
McDonnell,Alexander,Alexander McDonnell,Ireland,1798,1835
Fischer,Robert James,Robert James Fischer,"US,Iceland",1943,2008
Breyer,Gyula,Gyula Breyer,Hungary,1893,1921
Rohde,Michael,Michael Rohde,US,1959,
Kagan,Shimon,Shimon Kagan,Israel,1942,
Reinfeld,Fred,Fred Reinfeld,US,1910,1964
Piazzini,Luis,Luis Piazzini,Argentina,1905,1980
Houska,Jovanka,Jovanka Houska,England,1980,
Bortnyk,Olexandr,Olexandr Bortnyk,Ukraine,1996,
Vescovi,Giovanni,Giovanni Vescovi,Brazil,1978,
Zinner,Emil,Emil Zinner,Czechoslovakia,1909,1942
David,Alberto,Alberto David,Luxembourg,1970,
Kling,Josef,Josef Kling,Germany,1811,1876
Renaud,Georges,Georges Renaud,France,1893,1975
Polgar,Zsofia,Zsofia Polgar,"Hungary,Israel",1974,
Botterill,George,George Botterill,"England,Wales",1949,
Marache,Napoleon,Napoleon Marache,"France,US",1818,1875
Gelashvili,Tamaz,Tamaz Gelashvili,Georgia,1978,
Dworakowska,Joanna,Joanna Dworakowska,Poland,1978,
Shipov,Sergei,Sergei Shipov,Russia,1966,
Napolitano,Mario,Mario Napolitano,Italy,1910,1995
Naranja,Renato,Renato Naranja,Philippines,1940,
Koltanowski,Georges,Georges Koltanowski,"Belgium,US",1903,2000
Arngrímsson,Dagur,Dagur Arngrímsson,Iceland,1987,
Nenarokov,Vladimir,Vladimir Nenarokov,Russia,1880,1953
Korchnoi,Viktor,Viktor Korchnoi,"Russia,Switzerland",1931,2016
Machate,Gottlieb,Gottlieb Machate,Germany,1904,1974
Gasik,Anna,Anna Gasik,Poland,1988,
Bigelow,Horace,Horace Bigelow,US,1898,1980
Bernstein,Jacob,Jacob Bernstein,US,?,1958
Šulskis,Šarūnas,Šarūnas Šulskis,Lithuania,1972,
Akopian,Vladimir,Vladimir Akopian,Armenia,1971,
Gagunashvili,Merab,Merab Gagunashvili,Georgia,1985,
Loman,Rudolf,Rudolf Loman,Netherlands,1861,1932
Hoek,Arnold van den,Arnold van den Hoek,Netherlands,1921,1945
Luckis,Markas,Markas Luckis,"Lithuania,Argentina",1905,1973
Moeller,Jorgen,Jorgen Moeller,Denmark,1873,1944
Milov,Vadim,Vadim Milov,"Russia,Israel,Switzerland",1972,
Geller,Efim,Efim Geller,Ukraine,1925,1998
Chalupetzky,Ferenc,Ferenc Chalupetzky,Hungary,1886,1951
Verlinsky,Boris,Boris Verlinsky,"Ukraine,Russia",1888,1950
Foltys,Jan,Jan Foltys,Czechoslovakia,1908,1952
Morovic,Iván,Iván Morovic,Chile,1963,
Fleissig,Max,Max Fleissig,"Hungary,Austria",1845,after 1882
Morrison,John,John Morrison,Canada,1889,1975
Ghasi,Ameet,Ameet Ghasi,England,1987,
Kubbel,Arvid,Arvid Kubbel,Russia,1889,1938
Rousseau,Eugéne,Eugéne Rousseau,France,c. 1810,c. 1870
Acers,Jude,Jude Acers,US,1944,
Howell,David,David Howell,England,1990,
Wittek,Alexander,Alexander Wittek,"Croatia,Austria",1852,1894
Rosen,Leon,Leon Rosen,"Poland,US",1869,1942
Ivanov,Igor,Igor Ivanov,"Russia,Canada,US",1947,2005
Chekhover,Vitaly,Vitaly Chekhover,Russia,1908,1965
Chuchelov,Vladimir,Vladimir Chuchelov,"Russia,Belgium",1969,
Zvorykina,Kira,Kira Zvorykina,"Ukraine,Russia,Belarus",1919,2014
Lalić,Bogdan,Bogdan Lalić,"Yugoslavia/Croatia,England",1964,
Kong,Wong Meng,Wong Meng Kong,Singapore,1963,
Lane,Lisa,Lisa Lane,US,1938,
Stern,Adolf,Adolf Stern,Germany,1849,1907
Purdy,John,John Purdy,Australia,1935,2011
Bronstein,David,David Bronstein,Ukraine,1924,2006
Pomar,Arturo,Arturo Pomar,Spain,1931,2016
Wijnans,Arthur,Arthur Wijnans,"Indonesia,Netherlands",1920,1945
Aurbach,Arnold,Arnold Aurbach,"Poland,France",c. 1888,c. 1952
Stein,Leonid,Leonid Stein,Ukraine,1934,1973
Khalifman,Alexander,Alexander Khalifman,Russia,1966,
Marinello,Beatriz,Beatriz Marinello,Chile,1964,
Macieja,Bartłomiej,Bartłomiej Macieja,Poland,1977,
Vovk,Andrey,Andrey Vovk,Ukraine,1991,
Heisman,Dan,Dan Heisman,US,1950,
Smith,Stephen Francis,Stephen Francis Smith,"Canada,England",1861,1928
Dominik,Józef,Józef Dominik,Poland,1894,1920
Medina,Antonio,Antonio Medina,Spain,1919,2003
Alekhine,Grace,Grace Alekhine,"US,England,France",1876,1956
Teschner,Rudolf,Rudolf Teschner,Germany,1922,2006
Allgaier,Johann Baptist,Johann Baptist Allgaier,"Germany,Austria",1763,1823
Ibragimov,Ildar,Ildar Ibragimov,"Russia,US",1967,
Glek,Igor,Igor Glek,"Russia,Germany",1961,
Kuzmin,Gennady,Gennady Kuzmin,Russia,1946,
Rapport,Richárd,Richárd Rapport,Hungary,1996,
Moroz,Alexander,Alexander Moroz,Ukraine,1961,2009
Rahman,Ziaur,Ziaur Rahman,Bangladesh,1974,
Polugaevsky,Lev,Lev Polugaevsky,"Belarus,Russia",1934,1995
Georgiev,Krum,Krum Georgiev,Bulgaria,1958,
Akhsharumova,Anna,Anna Akhsharumova,"Russia,US",1957,
Foreest,Arnold van,Arnold van Foreest,Netherlands,1863,1954
Falk,Raphael,Raphael Falk,Russia,1856,1913
Adianto,Utut,Utut Adianto,Indonesia,1965,
Pokorný,Amos,Amos Pokorný,Czechoslovakia,1890,1949
Kochyev,Alexander,Alexander Kochyev,Russia,1956,
Piket,Jeroen,Jeroen Piket,Netherlands,1969,
Romanishin,Oleg,Oleg Romanishin,Ukraine,1952,
Takács,Sándor,Sándor Takács,Hungary,1893,1932
Billecard,Maurice,Maurice Billecard,France,1876,?
Voellmy,Erwin,Erwin Voellmy,Switzerland,1886,1951
Blumenfeld,Benjamin,Benjamin Blumenfeld,"Belarus,Russia",1884,1947
Marović,Dražen,Dražen Marović,Croatia,1938,
Kasimdzhanov,Rustam,Rustam Kasimdzhanov,Uzbekistan,1979,
Foreest,Dirk van,Dirk van Foreest,Netherlands,1862,1956
Hasenfuss,Wolfgang,Wolfgang Hasenfuss,Latvia,1900,1944
Bláthy,Ottó,Ottó Bláthy,Hungary,1860,1939
Ceron,Alfonso,Alfonso Ceron,Spain,1535,?
Siegheim,Bruno Edgar,Bruno Edgar Siegheim,"Germany,South Africa",1875,1952
Liu,Wenzhe,Liu Wenzhe,China,1940,
Guerrero,Gilberto Hernández,Gilberto Hernández Guerrero,Mexico,1970,
Monosson,Léon,Léon Monosson,"Belarus,France",1892,1943
Richter,Kurt,Kurt Richter,Germany,1900,1969
Roux,Jean-Pierre Le,Jean-Pierre Le Roux,France,1982,
Sarosy,Zoltan,Zoltan Sarosy,"Hungary,Canada",1906,2017
Kolski,Jakub,Jakub Kolski,Poland,1899,1941
Poplawski,Artur,Artur Poplawski,"Poland,Switzerland",1860,1918
Li,Wenliang,Li Wenliang,China,1967,
Felecan,Florin,Florin Felecan,"Romania,US",1980,
Ereńska,Hanna,Hanna Ereńska,Poland,1946,
Frydman,Paulino,Paulino Frydman,"Poland,Argentina",1905,1982
Baklan,Vladimir,Vladimir Baklan,Ukraine,1978,
Barnes,Thomas Wilson,Thomas Wilson Barnes,England,1825,1874
Evans,Larry M.,Larry M. Evans,US,1932,2010
Weiss,Max,Max Weiss,"Hungary,Austria",1857,1927
Aveskulov,Valeriy,Valeriy Aveskulov,Ukraine,1986,
Buksa,Nataliya,Nataliya Buksa,Ukraine,1996,
Neumann,Augustin,Augustin Neumann,Austria,1879,1906
Ekström,Folke,Folke Ekström,Sweden,1906,2000
Bareev,Evgeny,Evgeny Bareev,Russia,1966,
Flamberg,Alexander,Alexander Flamberg,Poland,1880,1926
Gaprindashvili,Valeriane,Valeriane Gaprindashvili,Georgia,1982,
Löwy,Leopold,Leopold Löwy Sr,Austria,1840,>1904
Luther,Thomas,Thomas Luther,Germany,1969,
Sarapu,Ortvin,Ortvin Sarapu,"Estonia,New Zealand",1924,1999
Truong,Paul,Paul Truong,"Vietnam,US",1965,
Hirschfeld,Philipp,Philipp Hirschfeld,Germany,1840,1896
Thompson,James,James Thompson,"England,US",1804,1870
Pixton,Aaron,Aaron Pixton,US,1986,
Piltz,Karol,Karol Piltz,Poland,1903,1939
Journoud,Paul,Paul Journoud,France,1821,1882
Bergs,Teodors,Teodors Bergs,Latvia,1902,1966
Johner,Paul,Paul Johner,Switzerland,1887,1938
Bolbochán,Jacobo,Jacobo Bolbochán,Argentina,1906,1984
Jobava,Baadur,Baadur Jobava,Georgia,1983,
Lputian,Smbat,Smbat Lputian,Armenia,1958,
Szabó,László,László Szabó,Hungary,1917,1998
Shahade,Jennifer,Jennifer Shahade,US,1980,
Lenderman,Alex,Alex Lenderman,US,1989,
Suttles,Duncan,Duncan Suttles,Canada,1945,
Fressinet,Laurent,Laurent Fressinet,France,1981,
Cifuentes,Roberto,Roberto Cifuentes,"Chile,Netherlands,Spain",1957,
Kieseritzky,R.K.,R.K. Kieseritzky,"Estonia,Russia",c. 1870,after 1922
Model,Abram,Abram Model,"Latvia,Russia",1896,1976
Savon,Vladimir,Vladimir Savon,Ukraine,1940,2005
Ehlvest,Jaan,Jaan Ehlvest,Estonia,1962,
Barnes,Robert Henry,Robert Henry Barnes,"England,New Zealand",1849,1916
Villegas,Benito,Benito Villegas,Argentina,1877,1952
"Bourdonnais,de la",Louis-Charles Mahé,Louis-Charles Mahé de La Bourdonnais,France,1795,1840
Bledow,Ludwig,Ludwig Bledow,Germany,1795,1846
Suetin,Alexey,Alexey Suetin,Russia,1926,2001
Yildiz,Betul Cemre,Betul Cemre Yildiz,Turkey,1989,
Oleksienko,Mikhailo,Mikhailo Oleksienko,Ukraine,1986,
Lein,Anatoly,Anatoly Lein,"Russia,US",1931,2018
Biyiasas,Peter,Peter Biyiasas,"Greece,Canada",1950,
Lie,Kjetil Aleksander,Kjetil Aleksander Lie,Norway,1980,
Gustafsson,Jan,Jan Gustafsson,Germany,1979,
Kreuzer,Martin,Martin Kreuzer,Germany,1962,
Zhao,Zong-Yuan,Zhao Zong-Yuan,"China,Australia",1986,
Traxler,Karel,Karel Traxler,Czechoslovakia,1866,1936
Shankland,Samuel,Samuel Shankland,US,1991,
Ojanen,Kaarle,Kaarle Ojanen,Finland,1918,2009
Appel,Izaak,Izaak Appel,Poland,1905,1941
Saburov,Peter Petrovich,Peter Petrovich Saburov,"Russia,Switzerland",1880,1932
Popel,Stepan,Stepan Popel,"Poland,France,US",1909,1987
Tinsley,Samuel,Samuel Tinsley,England,1847,1903
Torriente,Celso Golmayo,Celso Golmayo Torriente,"Cuba,Spain",1879,1924
Simutowe,Amon,Amon Simutowe,Zambia,1982,
Cheparinov,Ivan,Ivan Cheparinov,Bulgaria,1986,
Müller,Hans,Hans Müller,Austria,1896,1971
Enevoldsen,Jens,Jens Enevoldsen,Denmark,1907,1980
Fleissig,Bernhard,Bernhard Fleissig,"Hungary,Austria",1853,1931
Cámpora,Daniel Hugo,Daniel Hugo Cámpora,Argentina,1957,
Oskam,Gerard,Gerard Oskam,Netherlands,1880,1952
Stellwagen,Daniel,Daniel Stellwagen,Netherlands,1987,
Shankar,Gauri,Gauri Shankar,India,1992,
Vansittart,Cyril,Cyril Vansittart,"England,Italy",1852,1887
Khan,Mir Sultan,Mir Sultan Khan,"India,Pakistan",1905,1966
Ushenina,Anna,Anna Ushenina,Ukraine,1985,
Bosboom-Lanchava,Tea,Tea Bosboom-Lanchava,"Netherlands,Georgia",1974,
MacLeod,Nicholas,Nicholas MacLeod,Canada,1870,1965
Lékó,Péter,Péter Lékó,Hungary,1979,
Yudovich,Mikhail,Mikhail Yudovich,Russia,1911,1987
Negi,Parimarjan,Parimarjan Negi,India,1993,
Böök,Eero,Eero Böök,Finland,1910,1990
Kubbel,Leonid,Leonid Kubbel,Russia,1891,1942
Minev,Nikolay,Nikolay Minev,"Bulgaria,US",1931,2017
Wexler,Bernardo,Bernardo Wexler,"Romania,Argentina",1925,1992
Gurevich,Dmitry,Dmitry Gurevich,"Russia,US",1956,
Rossolimo,Nicolas,Nicolas Rossolimo,"Ukraine,France,US",1910,1975
Soultanbeieff,Victor,Victor Soultanbeieff,"Russia,Belgium",1895,1972
Lukin,Andrey,Andrey Lukin,Russia,1948,
Forgács,Leó,Leó Forgács,Hungary,1881,1930
Tan,Hiong Liong,Hiong Liong Tan,"Indonesia,Netherlands",1938,2009
Alapin,Simon,Simon Alapin,Lithuania,1856,1923
Diemer,Emil Josef,Emil Josef Diemer,Germany,1908,1990
Rogozenko,Dorian,Dorian Rogozenko,Romania,1973,
Bogoljubov,Efim,Efim Bogoljubov,"Ukraine,Germany",1889,1952
Kupchik,Abraham,Abraham Kupchik,"Belarus,US",1892,1970
Dreev,Alexey,Alexey Dreev,Russia,1969,
Khavin,Abram,Abram Khavin,Ukraine,1914,1974
Ware,Preston,Preston Ware,US,1821,1891
Sergeant,Edward Guthlac,Edward Guthlac Sergeant,England,1881,1961
Zhao,Jun,Zhao Jun,China,1986,
Ganguly,Surya Shekhar,Surya Shekhar Ganguly,India,1983,
Deacon,Frederic,Frederic Deacon,Belgium,1829,1875
Crakanthorp,Spencer,Spencer Crakanthorp,Australia,1885,1936
Vainshtein,Samuil,Samuil Vainshtein,Russia,1894,1942
Aleksandrov,Aleksej,Aleksej Aleksandrov,Belarus,1973,
Benkö,Francisco,Francisco Benkö,"Germany,Argentina",1910,
Seirawan,Yasser,Yasser Seirawan,"Syria,US",1960,
Zarnicki,Pablo,Pablo Zarnicki,Argentina,1972,
Lasker,Edward,Edward Lasker,"Poland,Germany,US",1885,1981
l'Ami,Erwin,Erwin l'Ami,Netherlands,1985,
Lupulescu,Constantin,Constantin Lupulescu,Romania,1984,
Muzychuk,Anna,Anna Muzychuk,"Ukraine,Slovenia",1990,
Fridman,Daniel,Daniel Fridman,"Latvia,Germany",1976,
Kriventsov,Stanislav,Stanislav Kriventsov,"Russia,US",1973,
Katětov,Miroslav,Miroslav Katětov,Czechoslovakia,1918,1995
Botvinnik,Mikhail,Mikhail Botvinnik,Russia,1911,1995
Sveshnikov,Evgeny,Evgeny Sveshnikov,Latvia,1950,
Quiñones,Oscar,Oscar Quiñones,Peru,1941,
Wojtaszek,Radosław,Radosław Wojtaszek,Poland,1987,
Taubenhaus,Jean,Jean Taubenhaus,"Poland,France",1850,1919
Feigins,Movsas,Movsas Feigins,"Latvia,Argentina",1908,1950
Ftáčnik,Ľubomír,Ľubomír Ftáčnik,"Czechoslovakia,Slovakia",1957,
Portisch,Lajos,Lajos Portisch,Hungary,1937,
Konikowski,Jerzy,Jerzy Konikowski,"Poland,Germany",1947,
Kaidanov,Gregory,Gregory Kaidanov,"Ukraine,Russia,US",1959,
Predojević,Borki,Borki Predojević,Bosnia,1987,
Ptacnikova,Lenka,Lenka Ptacnikova,"Czechoslovakia,Iceland",1976,
Lane,Gary,Gary Lane,"England,Australia",1964,
Sargissian,Gabriel,Gabriel Sargissian,Armenia,1983,
Marchand,Max,Max Marchand,Netherlands,1888,1957
Hanauer,Milton,Milton Hanauer,US,1908,1988
Amonatov,Farrukh,Farrukh Amonatov,Tajikistan,1978,
Grefe,John,John Grefe,US,1947,
Winston,Peter,Peter Winston,US,1958,
Rubinstein,José,José Rubinstein,Argentina,1940,
Kryvoruchko,Yuriy,Yuriy Kryvoruchko,Ukraine,1986,
Hauchard,Arnaud,Arnaud Hauchard,France,1971,
Chéron,André,André Chéron,France,1895,1980
Andriasian,Zaven,Zaven Andriasian,Armenia,1989,
Potemkine,Peter,Peter Potemkine,"Russia,France",1886,1926
Golubenko,Valentina,Valentina Golubenko,"Estonia,Croatia",1990,
Klein,Ernst,Ernst Klein,"Austria,England",1910,1990
Szily,József,József Szily,Hungary,1913,1976
Oll,Lembit,Lembit Oll,Estonia,1966,1999
Heemskerk,Fenny,Fenny Heemskerk,Netherlands,1919,2007
Knaak,Rainer,Rainer Knaak,Germany,1953,
Rubinstein,Simon,Simon Rubinstein,"Austria,South Africa",c. 1910,
Bird,Henry,Henry Bird,England,1830,1908
Hergott,Deen,Deen Hergott,Canada,1962,
Bernstein,Yaacov,Yaacov Bernstein,Israel,1939,
Jacobsen,Egil,Egil Jacobsen,Denmark,1897,1923
Hjartarson,Jóhann,Jóhann Hjartarson,Iceland,1963,
Tenner,Oscar,Oscar Tenner,"Germany,US",1880,1948
"Weydlich,de",Kasimir,Kasimir de Weydlich,Poland,1859,1913
Cardoso,Ruth Volgl,Ruth Volgl Cardoso,Brazil,1934,2000
Plater,Kazimierz,Kazimierz Plater,Poland,1915,2004
Janošević,Dragoljub,Dragoljub Janošević,Serbia,1923,1993
Heinrichsen,Arved,Arved Heinrichsen,Lithuania,1879,1900
Taimanov,Mark,Mark Taimanov,"Ukraine,Russia",1926,2016
Kottnauer,Čeněk,Čeněk Kottnauer,"Czechoslovakia,England",1910,1996
Marić,Mirjana,Mirjana Marić,Serbia,1970,
Arencibia,Walter,Walter Arencibia,Cuba,1967,
Devos,Paul,Paul Devos,Belgium,1911,1981
McShane,Luke,Luke McShane,England,1984,
Schubert,František,František Schubert,Czechoslovakia,1894,1940
Tietz,Viktor,Viktor Tietz,Czechoslovakia,1859,1937
Gerstenfeld,Edward,Edward Gerstenfeld,"Poland,Ukraine",1915,1943
Nisipeanu,Liviu-Dieter,Liviu-Dieter Nisipeanu,Romania,1976,
Norcia,Federico,Federico Norcia,Italy,1904,1985
Harrwitz,Daniel,Daniel Harrwitz,"Germany,France",1823,1884
Markoš,Ján,Ján Markoš,Slovakia,1985,
Lessing,Norman,Norman Lessing,US,1911,2001
Almási,Zoltán,Zoltán Almási,Hungary,1976,
Pfleger,Helmut,Helmut Pfleger,Germany,1943,
Kozlovskaya,Valentina,Valentina Kozlovskaya,Russia,1938,
Greco,Gioachino,Gioachino Greco,Italy,1600,c. 1634
Szpiro,Abram,Abram Szpiro,"Germany,Poland",1912,1943
Filip,Miroslav,Miroslav Filip,Czech Republic,1928,2009
Leepin,Peter,Peter Leepin,Switzerland,1920,1995
Castillo,Mariano,Mariano Castillo,Chile,1905,1970
Kazhgaleyev,Murtas,Murtas Kazhgaleyev,Kazakhstan,1973,
Nakamura,Hikaru,Hikaru Nakamura,"Japan,US",1987,
Muro,Augusto de,Augusto de Muro,Argentina,?,1959
Davidson,Jacques,Jacques Davidson,Netherlands,1890,1961
Szén,József,József Szén,Hungary,1805,1857
Michell,Reginald Price,Reginald Price Michell,England,1873,1938
Helbach,Grigory,Grigory Helbach,Russia,1863,1930
Bauer,Christian,Christian Bauer,France,1977,
Köhnlein,Friedrich,Friedrich Köhnlein,Germany,1879,1916
Johannessen,Svein,Svein Johannessen,Norway,1937,2007
Kosashvili,Yona,Yona Kosashvili,"Georgia,Israel",1970,
Kushnir,Alla,Alla Kushnir,"Russia,Israel",1941,2013
Zapata,Alonso,Alonso Zapata,Colombia,1958,
Flechsig,Ernst,Ernst Flechsig,Germany,1852,1890
Tal,Mikhail,Mikhail Tal,Latvia,1936,1992
Gilbert,Ellen,Ellen Gilbert,US,1837,1900
Czarnowski,Hieronim,Hieronim Czarnowski,"Poland,France,Austria-Hungary",1834,1902
Wemmers,Carl,Carl Wemmers,Germany,1845,1882
Jaffe,Charles,Charles Jaffe,"Russia,US",1883,1941
Pavey,Max,Max Pavey,US,1918,1957
Campomanes,Florencio,Florencio Campomanes,Philippines,1927,2010
Spraggett,Kevin,Kevin Spraggett,Canada,1954,
Srebrnič,Ana,Ana Srebrnič,Slovenia,1984,
Ivanchuk,Vassily,Vassily Ivanchuk,Ukraine,1969,
Andersen,Erik,Erik Andersen,Denmark,1904,1938
Reshevsky,Samuel,Samuel Reshevsky,"Poland,US",1911,1992
Sánchez,Luis Augusto,Luis Augusto Sánchez,Colombia,1917,1981
Kolisch,Ignác,Ignác Kolisch,"Slovakia,Austria-Hungary",1837,1899
Przepiórka,Dawid,Dawid Przepiórka,Poland,1880,1942
Salov,Valery,Valery Salov,Russia,1964,
Korody,Imre,Imre Korody,Hungary,1905,1969
Albin,Adolf,Adolf Albin,Romania,1848,1920
Ivkov,Borislav,Borislav Ivkov,Serbia,1933,
Kaplan,Julio,Julio Kaplan,"Argentina,Puerto Rico,US",1950,
Lautier,Joël,Joël Lautier,"Canada,France",1973,
Efroimski,Marsel,Marsel Efroimski,Israel,1995,
Mežgailis,Voldemars,Voldemars Mežgailis,Latvia,1912,
Kieninger,Georg,Georg Kieninger,Germany,1902,1975
Morawski,Kalikst,Kalikst Morawski,Poland,1859,c. 1939
Szmetan,Jorge,Jorge Szmetan,Argentina,1950,
Romanovsky,Peter,Peter Romanovsky,Russia,1892,1964
Rudenko,Lyudmila,Lyudmila Rudenko,"Ukraine,Russia",1904,1986
Palliser,Richard,Richard Palliser,England,1981,
Fairhurst,William,William Fairhurst,"England,Scotland,New Zealand",1903,1982
Pogonina,Natalia,Natalia Pogonina,Russia,1985,
Rico,Antonio,Antonio Rico,Spain,1908,1988
Hamarat,Tunc,Tunc Hamarat,"Turkey,Austria",1946,
Hecht,Hans-Joachim,Hans-Joachim Hecht,Germany,1939,
Michel,Walter,Walter Michel,Switzerland,1888,>1935
Panno,Oscar,Oscar Panno,Argentina,1935,
Gutman,Lev,Lev Gutman,"Latvia,Israel,Germany",1945,
Duhm,Hans,Hans Duhm,"Germany,Switzerland",1878,1946
Salvio,Alessandro,Alessandro Salvio,Italy,c. 1570,c. 1640
Cruz,Walter,Walter Cruz,Brazil,1910,1967
Ostenstad,Berge,Berge Ostenstad,Norway,1964,
Nedeljković,Ozren,Ozren Nedeljković,Serbia,1903,1984
Mastrovasilis,Dimitrios,Dimitrios Mastrovasilis,Greece,1983,
Süchting,Hugo,Hugo Süchting,Germany,1874,1916
Tonini,Alice,Alice Tonini,Italy,?,?
Tian,Tian,Tian Tian,China,1983,
Khurtsidze,Nino,Nino Khurtsidze,Georgia,1975,2018
Nevednichy,Vladislav,Vladislav Nevednichy,Romania,1969,
Martinez,Dion,Dion Martinez,"Cuba,US",1837,1928
Reca,Damian,Damian Reca,Argentina,1894,1937
Conde,Adrián García,Adrián García Conde,"Mexico,England",1886,1943
Tomashevsky,Evgeny,Evgeny Tomashevsky,Russia,1987,
Torre Repetto,Carlos,Carlos Torre Repetto,México,1902,1978
Antic,Dejan,Dejan Antic,Serbia,1968,
Arlauskas,Romanas,Romanas Arlauskas,"Lithuania,Australia",1917,2009
Grünfeld,Ernst,Ernst Grünfeld,Austria,1893,1962
Lesiege,Alexandre,Alexandre Lesiege,Canada,1975,
Megaranto,Susanto,Susanto Megaranto,Indonesia,1987,
Vergani,Beniamino,Beniamino Vergani,Italy,1863,1927
Polerio,Giulio,Giulio Polerio,Italy,1548,1612
Tseitlin,Mark,Mark Tseitlin,"Russia,Israel",1943,
Budzyński,Wincenty,Wincenty Budzyński,"Poland,France",1815,1866
Bologan,Victor,Victor Bologan,Moldova,1971,
Sokolov,Ivan,Ivan Sokolov,"Bosnia,Netherlands",1968,
Hruby,Vincenz,Vincenz Hruby,"Bohemia,Austria,Italy",1856,1917
Nestler,Vincenzo,Vincenzo Nestler,Italy,1912,1988
Aseev,Konstantin,Konstantin Aseev,Russia,1960,2004
Rudnev,Nikoly,Nikoly Rudnev,"Ukraine,Uzbekistan",1895,1944
Milic,Borislav,Borislav Milic,Yugoslavia,1925,1986
Novotelnov,Nikolay,Nikolay Novotelnov,Russia,1911,2006
Dzindzichashvili,Roman,Roman Dzindzichashvili,"Georgia,Israel,US",1944,
Pitschak,Rudolf,Rudolf Pitschak,"Czechoslovakia,US",1902,
Hahn,Anna,Anna Hahn,"Latvia,US",1976,
Ståhlberg,Gideon,Gideon Ståhlberg,Sweden,1908,1967
Zhang,Pengxiang,Zhang Pengxiang,China,1980,
Flohr,Salo,Salo Flohr,"Ukraine,Czechoslovakia,Russia",1908,1983
Goletiani,Rusudan,Rusudan Goletiani,"Georgia,US",1980,
Shabalov,Alexander,Alexander Shabalov,"Latvia,US",1967,
Abrahamyan,Tatev,Tatev Abrahamyan,"Armenia,US",1988,
Hanham,James,James Hanham,US,1840,1923
Roiz,Michael,Michael Roiz,"Russia,Israel",1983,
Ilyin-Zhenevsky,Alexander,Alexander Ilyin-Zhenevsky,Russia,1894,1941
Carlsen,Magnus,Magnus Carlsen,Norway,1990,
Holländer,Karl,Karl Holländer,Germany,1868,? 
Martinolich,Giovanni,Giovanni Martinolich,Italy,1884,1910
Mrva,Martin,Martin Mrva,Slovakia,1971,
Gligorić,Svetozar,Svetozar Gligorić,Serbia,1923,2012
Zhao,Lan,Zhao Lan,China,1963,
Velimirović,Dragoljub,Dragoljub Velimirović,Serbia,1942,2014
Gibaud,Amédée,Amédée Gibaud,France,1885,1957
Marić,Alisa,Alisa Marić,Serbia,1970,
Safvat,Yousof,Yousof Safvat,Iran,?,
List,Paul,Paul List,"Ukraine,Germany,England",1887,1954
Buckle,Henry Thomas,Henry Thomas Buckle,England,1821,1862
Csom,István,István Csom,Hungary,1940,
Peptan,Corina,Corina Peptan,Romania,1978,
Johner,Hans,Hans Johner,Switzerland,1889,1975
Kahn,Victor,Victor Kahn,"Russia,France",1889,1971
Alekhine,Alexander,Alexander Alekhine,"Russia,France",1892,1946
Becker,Albert,Albert Becker,"Austria,Germany,Argentina",1896,1984
Tolush,Alexander,Alexander Tolush,Russia,1910,1969
Black,Roy Turnbull,Roy Turnbull Black,US,1888,1962
Treysman,George,George Treysman,US,1881,1959
Franklin,Selim,Selim Franklin,"England,US",1814,1884
Türn,Johannes,Johannes Türn,Estonia,1899,1993
Cherepkov,Alexander,Alexander Cherepkov,Russia,1920,
Adams,Weaver,Weaver Adams,US,1901,1963
Yépez,Olavo,Olavo Yépez,Ecuador,1937,
Chernyshov,Konstantin,Konstantin Chernyshov,Russia,1967,
Ólafsson,Helgi,Helgi Ólafsson,Iceland,1956,
Abonyi,István,István Abonyi,Hungary,1886,1942
Gurevich,Ilya,Ilya Gurevich,"Ukraine,US",1972,
Sokolov,Andrei,Andrei Sokolov,"Russia,France",1963,
Vukcevich,Milan,Milan Vukcevich,"Serbia,US",1937,2003
Gofshtein,Leonid,Leonid Gofshtein,Israel,1953,
Borisenko,Valentina,Valentina Borisenko,Russia,1920,1993
Janowski,Dawid,Dawid Janowski,"Poland,France",1868,1927
Goering,Carl,Carl Goering,Germany,1841,1879
Sokolsky,Alexey,Alexey Sokolsky,"Russia,Ukraine,Belarus",1908,1969
Bain,Mary,Mary Bain,US,1904,1972
Dobiáš,Josef,Josef Dobiáš,"Bohemia,Czechoslovakia",1886,1981
Hansen,Curt,Curt Hansen,Denmark,1964,
Fyllingen,Roy,Roy Fyllingen,Norway,1975,
Sznapik,Aleksander,Aleksander Sznapik,Poland,1951,
Larsson,Ernst,Ernst Larsson,Sweden,1897,1963
Towbin,Izaak,Izaak Towbin,"Ukraine,Poland",1899,1941
Stoltz,Gösta,Gösta Stoltz,Sweden,1904,1963
Arkell,Keith,Keith Arkell,England,1961,
Alexandria,Nana,Nana Alexandria,Georgia,1949,
Grigoryan,Avetik,Avetik Grigoryan,Armenia,1989,
Daniels,A. Polak,A. Polak Daniels,Netherlands,<1855,>1883
Żabiński,Józef,Józef Żabiński,Poland,1860,1928
Lange,Max,Max Lange,Germany,1832,1899
Lipschütz,Samuel,Samuel Lipschütz,"Hungary,US",1863,1905
Gregory,Bernhard,Bernhard Gregory,"Estonia,Germany",1879,1939
Reggio,Arturo,Arturo Reggio,Italy,1863,1917
Hilse,Wilhelm,Wilhelm Hilse,Germany,1878,1940
Zabłudowski,Aron,Aron Zabłudowski,Poland,1909,1941
Majdan,Joanna,Joanna Majdan,Poland,1988,
Stein,Elias,Elias Stein,"Alsace,Netherlands",1748,1812
Fedorov,Alexei,Alexei Fedorov,Belarus,1972,
Malakhatko,Vadim,Vadim Malakhatko,"Ukraine,Belgium",1977,
Cohn,Erich,Erich Cohn,Germany,1884,1918
Naiditsch,Arkadij,Arkadij Naiditsch,"Latvia,Germany",1985,
Levin,Jacob,Jacob Levin,US,1904,?
Hráček,Zbyněk,Zbyněk Hráček,Czech Republic,1970,
Li,Zunian,Li Zunian,China,1958,
Goetz,Alphonse,Alphonse Goetz,France,1865,1934
Duhm,Andreas,Andreas Duhm,"Germany,Switzerland",1883,1975
Aloni,Izak,Izak Aloni,"Poland,Israel",1905,1985
Antoshin,Vladimir,Vladimir Antoshin,Russia,1929,1994
Volokitin,Andrei,Andrei Volokitin,Ukraine,1986,
Koneru,Humpy,Humpy Koneru,India,1987,
Śliwa,Bogdan,Bogdan Śliwa,Poland,1922,2003
Apicella,Manuel,Manuel Apicella,France,1970,
Gilg,Karl,Karl Gilg,"Czechoslovakia,Germany",1901,1981
Paridar,Shadi,Shadi Paridar,Iran,1986,
Cozio,Carlo,Carlo Cozio,Italy,c. 1715,c. 1780
Córdoba,Miguel Illescas,Miguel Illescas Córdoba,Spain,1965,
Webb,Simon,Simon Webb,England,1949,2005
Brustman,Agnieszka,Agnieszka Brustman,Poland,1962,
Hamppe,Carl,Carl Hamppe,"Switzerland,Austria",1814,1876
Kopec,Danny,Danny Kopec,US,1954,
Ye,Rongguang,Ye Rongguang,China,1963,
Anand,Viswanathan,Viswanathan Anand,India,1969,
Friedgood,David,David Friedgood,"South Africa,England",1946,
Němcová,Kateřina,Kateřina Němcová,Czech Republic,1990,
Lisitsin,Georgy,Georgy Lisitsin,Russia,1909,1972
Zubarev,Nikolai,Nikolai Zubarev,Russia,1894,1951
Cvitan,Ognjen,Ognjen Cvitan,Croatia,1961,
Levitsky,Stepan,Stepan Levitsky,Russia,1876,1924
Peng,Xiaomin,Peng Xiaomin,China,1973,
Gufeld,Eduard,Eduard Gufeld,"Ukraine,US",1936,2002
Basman,Michael,Michael Basman,England,1946,
Duras,Oldřich,Oldřich Duras,"Bohemia,Czechoslovakia",1882,1957
Maghami,Ehsan Ghaem,Ehsan Ghaem Maghami,Iran,1982,
Suhle,Berthold,Berthold Suhle,"Poland,Germany",1837,1904
Litinskaya-Shul,Marta,Marta Litinskaya-Shul,Ukraine,1949,
Diamant,André,André Diamant,Brazil,1990,
Vaganian,Rafael,Rafael Vaganian,Armenia,1951,
Kann,Marcus,Marcus Kann,Austria,1820,1886
Paragua,Mark,Mark Paragua,Philippines,1984,
Windisch,Karl Gottlieb von,Karl Gottlieb von Windisch,"Slovakia,Hungary,Austria",1725,1793
Dubois,Serafino,Serafino Dubois,Italy,1817,1899
Ponomariov,Ruslan,Ruslan Ponomariov,Ukraine,1983,
Milliet,Sophie,Sophie Milliet,France,1983,
Lewi,Jerzy,Jerzy Lewi,"Poland,Sweden",1949,1972
Löwe,Edward,Edward Löwe,England,1794,1880
Vaisser,Anatoly,Anatoly Vaisser,"Kazakhstan,France",1949,
Muffang,André,André Muffang,France,1897,1989
Neumann,Gustav,Gustav Neumann,Germany,1838,1881
Ruan,Lufei,Ruan Lufei,China,1987,
Ernst,Wilhelm,Wilhelm Ernst,Germany,1905,1952
Keres,Paul,Paul Keres,Estonia,1916,1975
Aptekar,Lev,Lev Aptekar,"Ukraine,New Zealand",1936,
Wisker,John,John Wisker,England,1846,1884
Sjugirov,Sanan,Sanan Sjugirov,Russia,1993,
Barus,Cerdas,Cerdas Barus,Indonesia,1961,
Varga,Zoltán,Zoltán Varga,Hungary,1970,
Godena,Michele,Michele Godena,Italy,1967,
Halberstadt,Vitaly,Vitaly Halberstadt,"Ukraine,France",1903,1967
Shahade,Greg,Greg Shahade,US,1978,
Cuéllar,Miguel,Miguel Cuéllar,Colombia,1916,1985
Bosch,Johannes van den,Johannes van den Bosch,Netherlands,1906,1994
Makarczyk,Kazimierz,Kazimierz Makarczyk,Poland,1901,1972
Ross,Laura,Laura Ross,US,1988,
Turover,Isador Samuel,Isador Samuel Turover,"Belgium,US",1892,1978
Panov,Vasily,Vasily Panov,Russia,1906,1973
Timofeev,Artyom,Artyom Timofeev,Russia,1985,
Stevenson,Agnes,Agnes Stevenson,England,<1901,1935
Kasparyan,Genrikh,Genrikh Kasparyan,Armenia,1910,1995
Dolmatov,Sergey,Sergey Dolmatov,Russia,1959,
Zatonskih,Anna,Anna Zatonskih,"Ukraine,US",1978,
Graf,Sonja,Sonja Graf,"Germany,Argentina,US",1908,1965
Kreiman,Boris,Boris Kreiman,"Russia,US",1976,
Radulov,Ivan,Ivan Radulov,Bulgaria,1939,
Zuckerman,Bernard,Bernard Zuckerman,US,1943,
Bogatyrchuk,Fedor,Fedor Bogatyrchuk,"Ukraine,Canada",1892,1984
Shirov,Alexei,Alexei Shirov,"Latvia,Spain",1972,
Lucena,Luis Ramirez,Luis Ramirez Lucena,Spain,c. 1465,c. 1530
Brach,Julius,Julius Brach,Czechoslovakia,1881,1938
Bilek,István,István Bilek,Hungary,1932,2010
Ekenberg,Bengt,Bengt Ekenberg,Sweden,1912,1986
Kagan,Bernhard,Bernhard Kagan,"Poland,Germany",1866,1932
Guggenberger,Ilse,Ilse Guggenberger,Colombia,1942,
Marco,Georg,Georg Marco,"Romania,Austria",1863,1923
Olland,Adolf Georg,Adolf Georg Olland,Netherlands,1867,1933
Schmidt,Paul Felix,Paul Felix Schmidt,"Estonia,Germany,US",1916,1984
Baender,Paul,Paul Baender,"Germany,Bolivia",1906,1985
Zukertort,Johannes,Johannes Zukertort,"Poland,Germany,England",1842,1888
Balashov,Yuri,Yuri Balashov,Russia,1949,
Vladimirov,Evgeny,Evgeny Vladimirov,Kazakhstan,1957,
Zagrebelny,Sergey,Sergey Zagrebelny,Uzbekistan,1965,
Chanda,Sandipan,Sandipan Chanda,India,1983,
Bauer,Johann Hermann,Johann Hermann Bauer,"Bohemia,Austria",1861,1891
Drezga,Tihomil,Tihomil Drezga,"Croatia,US",1903,1981
An,Yangfeng,An Yangfeng,China,1963,
Wang,Yu,Wang Yu,China,1982,
Blake,Joseph Henry,Joseph Henry Blake,England,1859,1951
Caoili,Arianne,Arianne Caoili,Australia,1986,2020
Hebert,Jean,Jean Hebert,Canada,1957,
Gashimov,Vugar,Vugar Gashimov,Azerbaijan,1986,2014
Serper,Gregory,Gregory Serper,"Uzbekistan,US",1969,
Judd,Max,Max Judd,"Poland,US",1851,1906
Smyslov,Vasily Osipovich,Vasily Osipovich Smyslov,Russia,1881,1943
Green,Ewen McGowen,Ewen McGowen Green,New Zealand,1950,
Lobron,Eric,Eric Lobron,"US,Germany",1960,
Erdélyi,Stefan,Stefan Erdélyi,"Hungary,Romania",1905,1968
Lennep,Norman van,Norman van Lennep,Netherlands,1872,1897
Christiansen,Larry,Larry Christiansen,US,1956,
Liang,Chong,Liang Chong,China,1980,
Rosenkrantz,Karl Wilhelm,Karl Wilhelm Rosenkrantz,"Latvia,Russia",1876,>1928
Finn,Julius,Julius Finn,"Poland,US",1871,1931
Giri,Anish,Anish Giri,Netherlands,1994,
Sadler,Matthew,Matthew Sadler,England,1974,
Shaughnessy,Elizabeth,Elizabeth Shaughnessy,"Ireland,US",1937,
Saunders,Harold,Harold Saunders,England,1875,1950
Mikhalevski,Victor,Victor Mikhalevski,"Belarus,Israel",1972,
Starr,Nava,Nava Starr,"Latvia,Canada",1949,
Geller,Uzi,Uzi Geller,Israel,1931,
Réthy,Pál,Pál Réthy,Hungary,1905,1962
Hossain,Enamul,Enamul Hossain,Bangladesh,1981,
Vuković,Vladimir,Vladimir Vuković,Croatia,1898,1975
Wen,Yang,Wen Yang,China,1988,
Lazarević,Milunka,Milunka Lazarević,Serbia,1932,
Roodzant,Catharina,Catharina Roodzant,Netherlands,1896,1999
Mohr,Stefan,Stefan Mohr,Germany,1967,
Jaenisch,Carl,Carl Jaenisch,"Finland,Russia",1813,1872
Nadanian,Ashot,Ashot Nadanian,Armenia,1972,
Gong,Qianyun,Gong Qianyun,China,1985,
Uhlmann,Wolfgang,Wolfgang Uhlmann,Germany,1935,
Stolberg,Mark,Mark Stolberg,Russia,1922,1943
Salwe,Gersz,Gersz Salwe,Poland,1862,1920
Petrosian,Arshak,Arshak Petrosian,Armenia,1953,
Krasenkow,Michał,Michał Krasenkow,"Russia,Poland",1963,
Filippov,Anton,Anton Filippov,Uzbekistan,1986,
Pfeiffer,Gerhard,Gerhard Pfeiffer,Germany,1923,2000
Barden,Leonard,Leonard Barden,England,1929,
Ye,Jiangchuan,Ye Jiangchuan,China,1960,
Friedel,Frederic,Frederic Friedel,Germany,1945,
Kovchan,Alexander,Alexander Kovchan,Ukraine,1983,
Benini,Clarice,Clarice Benini,Italy,1905,1976
Mamedov,Nidjat,Nidjat Mamedov,Azerbaijan,1985,
Rootare,Vidrik,Vidrik Rootare,Estonia,c. 1900,1985
Garcia,Raimundo,Raimundo Garcia,Argentina,1936,
Watson,John L.,John L. Watson,US,1951,
Rožič,Vesna,Vesna Rožič,Slovenia,1987,2013
Lie,Espen,Espen Lie,Norway,1984,
Krüger,Paul,Paul Krüger,Germany,1871,1939
Henley,Ron,Ron Henley,US,1956,
Schönmann,Wilhelm,Wilhelm Schönmann,Germany,1889,1970
Ciocâltea,Victor,Victor Ciocâltea,Romania,1932,1983
Haslinger,Stewart,Stewart Haslinger,England,1981,
Heilpern,Jakub,Jakub Heilpern,Poland,1850,1910
Hamid,Rani,Rani Hamid,Bangladesh,1944,
Nickoloff,Bryon,Bryon Nickoloff,Canada,1956,2004
Hodgson,Julian,Julian Hodgson,England,1963,
Berger,Johann,Johann Berger,Austria,1845,1933
Nielsen,Bjørn,Bjørn Nielsen,Denmark,1907,1949
Baburin,Alexander,Alexander Baburin,"Russia,Ireland",1967,
Ramesh,Ramachandran,Ramachandran Ramesh,India,1976,
Lolli,Giambattista,Giambattista Lolli,Italy,1698,1769
Hoffer,Leopold,Leopold Hoffer,"Hungary,France,England",1842,1913
Bródy,Miklós,Miklós Bródy,"Hungary,Romania",1877,1949
Tan,Lian Ann,Lian Ann Tan,Singapore,1947,
Palau,Luis,Luis Palau,Argentina,1897,1971
Konstantinopolsky,Alexander,Alexander Konstantinopolsky,Ukraine,1910,1990
Pähtz,Elisabeth,Elisabeth Pähtz,Germany,1985,
Mendheim,Julius,Julius Mendheim,Germany,1788,1836
Chernev,Irving,Irving Chernev,"Russia,US",1900,1981
Gudju,Ion,Ion Gudju,Romania,1897,1988
Schorn,Karl,Karl Schorn,Germany,1803,1850
O'Hanlon,John,John O'Hanlon,Ireland,1876,1960
Gallagher,Joseph,Joseph Gallagher,"England,Switzerland",1964,
Pelts,Roman,Roman Pelts,"Ukraine,Canada",1937,
Bolbochán,Julio,Julio Bolbochán,Argentina,1920,1996
Leonard,James A.,James A. Leonard,US,1841,1862
Nikolaevsky,Yuri,Yuri Nikolaevsky,Ukraine,1937,
Atalık,Suat,Suat Atalık,Turkey,1964,
Kozul,Zdenko,Zdenko Kozul,Croatia,1966,
Grivas,Efstratios,Efstratios Grivas,Greece,1966,
Harika,Dronavalli,Dronavalli Harika,India,1991,
Walbrodt,Carl August,Carl August Walbrodt,"Netherlands,Germany",1871,1902
Norman-Hansen,Holger,Holger Norman-Hansen,Denmark,1899,1984
Blocker,Calvin,Calvin Blocker,US,1955,
Gurgenidze,Bukhuti,Bukhuti Gurgenidze,Georgia,1933,2008
Fritz,Alexander,Alexander Fritz,Germany,1857,1932
Lipnitsky,Isaac,Isaac Lipnitsky,Ukraine,1923,1959
Olson,Anton,Anton Olson,Sweden,1881,>1928
Jasnogrodsky,Nicolai,Nicolai Jasnogrodsky,"Ukraine,England,US",1859,1914
Iliesco,Juan,Juan Iliesco,"Romania,Argentina",1898,1968
Stefansson,Hannes,Hannes Stefansson,Iceland,1972,
Opočensky,Karel,Karel Opočensky,Czechoslovakia,1892,1975
Zhukova,Natalia,Natalia Zhukova,Ukraine,1979,
Nezhmetdinov,Rashid,Rashid Nezhmetdinov,Russia,1912,1974
Andreikin,Dmitry,Dmitry Andreikin,Russia,1990,
Toshev,Yury,Yury Toshev,Bulgaria,1907,1974
Smeets,Jan,Jan Smeets,Netherlands,1985,
Nimzowitsch,Aron,Aron Nimzowitsch,"Latvia,Denmark",1886,1935
Collins,John W.,John W. Collins,US,1912,2001
Donev,Ivo,Ivo Donev,Austria,1959,
Kotronias,Vasilios,Vasilios Kotronias,Greece,1964,
German,Eugenio,Eugenio German,Brazil,1930,2001
Burille,Constant Ferdinand,Constant Ferdinand Burille,"France,US",1866,1914
Berg,Emanuel,Emanuel Berg,Sweden,1981,
Blackburne,Joseph Henry,Joseph Henry Blackburne,England,1841,1924
Wu,Mingqian,Wu Mingqian,China,1961,
Cohn,Wilhelm,Wilhelm Cohn,Germany,1859,1913
Epishin,Vladimir,Vladimir Epishin,Russia,1965,
Kurnosov,Igor,Igor Kurnosov,Russia,1985,2013
Wyvill,Marmaduke,Marmaduke Wyvill,England,1814,1896
Rudakovsky,Iosif,Iosif Rudakovsky,Ukraine,1914,1947
Khenkin,Igor,Igor Khenkin,"Russia,Germany",1968,
Agzamov,Georgy,Georgy Agzamov,Uzbekistan,1954,1986
Poulsen,Christian,Christian Poulsen,Denmark,1912,1981
Plaskett,James,James Plaskett,"England,Spain",1960,
Ulibin,Mikhail,Mikhail Ulibin,Russia,1971,
Tsvetkov,Alexander,Alexander Tsvetkov,Bulgaria,1914,1990
Ioseliani,Nana,Nana Ioseliani,Georgia,1962,
Quinteros,Miguel,Miguel Quinteros,Argentina,1947,
Whitaker,Norman Tweed,Norman Tweed Whitaker,US,1890,1975
Dembo,Yelena,Yelena Dembo,"Russia,Israel,Hungary,Greece",1983,
Gulko,Boris,Boris Gulko,"Russia,US",1947,
Parma,Bruno,Bruno Parma,Slovenia,1941,
Barbero,Gerardo,Gerardo Barbero,"Argentina,Hungary",1961,2001
Seitz,Adolf,Adolf Seitz,"Germany,Argentina",1898,1970
Wayte,William,William Wayte,England,1829,1898
Gold,Samuel,Samuel Gold,"Hungary,Austria,US",1835,1920
Ujtelky,Maximilian,Maximilian Ujtelky,Hungary/Slovakia,1915,1979
Lundholm,Stig,Stig Lundholm,Sweden,1917,2009
Sorin,Ariel,Ariel Sorin,Argentina,1967,
Vitolinš,Alvis,Alvis Vitolinš,Latvia,1946,1997
Chandler,Murray,Murray Chandler,"New Zealand,England",1960,
Eade,James,James Eade,US,1957,
Rozentalis,Eduardas,Eduardas Rozentalis,Lithuania,1963,
Yuanyuan,Xu,Xu Yuanyuan,China,1981,
Treybal,František,František Treybal,Czechoslovakia,1882,1942
Rödl,Ludwig,Ludwig Rödl,Germany,1907,1970
Sakaev,Konstantin,Konstantin Sakaev,Russia,1974,
Michel,Paul,Paul Michel,"Germany,Argentina",1905,1977
Solak,Dragan,Dragan Solak,Serbia,1980,
Goodman,David S.,David S. Goodman,"England,US",1958,
Schwartzmann,Leon,Leon Schwartzmann,"Poland,France",1887,1942
Riemsdijk,Herman Claudius van,Herman Claudius van Riemsdijk,"Netherlands,Brazil",1948,
Li,Chao,Li Chao,China,1989,
Jauregui,Carlos,Carlos Jauregui,"Chile,Canada",1932,2013
Peng,Zhaoqin,Peng Zhaoqin,China,1978,
Schwartzmann,Paulette,Paulette Schwartzmann,"Latvia,France,Argentina",1910,
Loyd,Sam,Sam Loyd,US,1841,1911
Torriente,Manuel Golmayo,Manuel Golmayo Torriente,"Cuba,Spain",1883,1973
Hübner,Robert,Robert Hübner,Germany,1948,
Spasov,Vasil,Vasil Spasov,Bulgaria,1971,
Stanley,Charles,Charles Stanley,"England,US",1819,1901
Paulsen,Wilfried,Wilfried Paulsen,Germany,1828,1901
Kashdan,Isaac,Isaac Kashdan,US,1905,1985
Topalov,Veselin,Veselin Topalov,Bulgaria,1975,
Butnorius,Algimantas,Algimantas Butnorius,Lithuania,1946,
Petkevich,Jusefs,Jusefs Petkevich,Latvia,1940,
Gyles,Alfred William,Alfred William Gyles,New Zealand,1888,1967
Gormally,Danny,Danny Gormally,England,1976,
Englisch,Berthold,Berthold Englisch,Austria,1851,1897
Sarfati,Jonathan,Jonathan Sarfati,"Australia,New Zealand",1964,
Perrin,Frederic,Frederic Perrin,"England,US",1815,1889
Mross,Paul,Paul Mross,"Poland,Germany",1910,1991
Ragozin,Viacheslav,Viacheslav Ragozin,Russia,1908,1962
Hector,Jonny,Jonny Hector,Sweden,1964,
Sunye Neto,Jaime,Jaime Sunye Neto,Brazil,1957,
Stamma,Phillip,Phillip Stamma,"Syria,England,France",1705,1755
Colman,Eugene Ernest,Eugene Ernest Colman,England,1878,1964
Dzagnidze,Nana,Nana Dzagnidze,Georgia,1987,
Sanakoev,Grigory,Grigory Sanakoev,Russia,1935,
Holzhausen,Walther von,Walther von Holzhausen,"Austria,Germany",1876,1935
Tylor,Theodore,Theodore Tylor,England,1900,1968
Degrande,Marigje,Marigje Degrande,Belgium,1992,
Pourkashiyan,Atousa,Atousa Pourkashiyan,Iran,1988,
Dvoirys,Semen,Semen Dvoirys,Russia,1958,
Steiner,Lajos,Lajos Steiner,"Hungary,Australia",1903,1975
Zheliandinov,Viktor,Viktor Zheliandinov,Ukraine,1935,
Delchev,Aleksander,Aleksander Delchev,Bulgaria,1971,
Tan,Chengxuan,Tan Chengxuan,China,1963,
Prins,Lodewijk,Lodewijk Prins,Netherlands,1913,1999
Napier,William,William Napier,"England,US",1881,1952
Mednis,Edmar,Edmar Mednis,"Latvia,US",1937,2002
Teichmann,Richard,Richard Teichmann,Germany,1868,1925
Fierro,Martha,Martha Fierro,Ecuador,1977,
Mirzoev,Azer,Azer Mirzoev,Azerbaijan,1978,
Padevsky,Nikola,Nikola Padevsky,Bulgaria,1933,
Krush,Irina,Irina Krush,"Ukraine,US",1983,
Roepstorff,Hans,Hans Roepstorff,Germany,1910,1945
Vijayalakshmi,Subbaraman,Subbaraman Vijayalakshmi,India,1979,
Paloheimo,Eero,Eero Paloheimo,Finland,1936,
Parr,Frank,Frank Parr,England,1918,2003
Eljaschoff,Moissei,Moissei Eljaschoff,Lithuania,1870,1919
Adorján,András,András Adorján,Hungary,1950,
Rubinetti,Jorge,Jorge Rubinetti,Argentina,1945,
Barsov,Alexei,Alexei Barsov,Uzbekistan,1966,
Littlewood,John,John Littlewood,England,1931,2009
Gereben,Ernő,Ernő Gereben,"Hungary,Switzerland",1907,1988
Marin,Mihail,Mihail Marin,Romania,1965,
Speelman,Jon,Jon Speelman,England,1956,
Monticelli,Mario,Mario Monticelli,Italy,1902,1995
Nikolaidis,Ioannis,Ioannis Nikolaidis,Greece,1971,
Wolf-Kalmar,Paula,Paula Wolf-Kalmar,Austria,1881,1931
Mádl,Ildikó,Ildikó Mádl,Hungary,1969,
Goloshchapov,Alexander,Alexander Goloshchapov,Ukraine,1978,
Divinsky,Nathan,Nathan Divinsky,Canada,1925,2012
Lamprecht,Frank,Frank Lamprecht,Germany,1968,
Paulsen,Louis,Louis Paulsen,Germany,1833,1891
Turco,Stefano Rosselli del,Stefano Rosselli del Turco,Italy,1877,1947
Letelier,René,René Letelier,Chile,1915,2006
Hirschel,Moses,Moses Hirschel,Germany,1754,c. 1823
Pupols,Viktors,Viktors Pupols,"Latvia,US",1935,
Speijer,Abraham,Abraham Speijer,Netherlands,1873,1956
Chaudé de Silans,Chantal,Chantal Chaudé de Silans,France,1919,2001
Bloodgood,Claude,Claude Bloodgood,US,1937,2001
Potuček,Ludovit,Ludovit Potuček,Slovakia,<1921,
Bernstein,Sidney Norman,Sidney Norman Bernstein,US,1911,1992
Anderssen,Adolf,Adolf Anderssen,Germany,1818,1879
Berger,Victor,Victor Berger,"Ukraine,England",1904,1996
Duhm,Dietrich,Dietrich Duhm,"Germany,Switzerland",1880,1954
Werle,Jan,Jan Werle,Netherlands,1984,
Engels,Ludwig,Ludwig Engels,"Germany,Brazil",1905,1967
Menchik,Vera,Vera Menchik,"Russia,Czechoslovakia,England",1906,1944
Fuderer,Andrija,Andrija Fuderer,"Vojvodina,Belgium",1931,2011
Barda,Olaf,Olaf Barda,Norway,1909,1971
Gilbert,Jessie,Jessie Gilbert,England,1987,2006
Torre,Eugenio,Eugenio Torre,Philippines,1951,
Kapengut,Albert,Albert Kapengut,"Belarus,US",1944,
Dorfman,Iossif,Iossif Dorfman,"Ukraine,France",1952,
Müller,Karsten,Karsten Müller,Germany,1970,
Forintos,Győző,Győző Forintos,Hungary,1935,2018
Dubov,Daniil,Daniil Dubov,Russia,1996,
Sulik,Franciszek,Franciszek Sulik,"Poland,Argentina,Australia",1908,2000
Golod,Vitali,Vitali Golod,"Ukraine,Israel",1971,
Fine,Reuben,Reuben Fine,US,1914,1993
Ju,Wenjun,Ju Wenjun,China,1991,
Rinder,Friedl,Friedl Rinder,Germany,1905,2001
Rogoff,Kenneth,Kenneth Rogoff,US,1953,
Bern,Ivar,Ivar Bern,Norway,1967,
Santasiere,Anthony,Anthony Santasiere,US,1904,1977
Lowtzky,Moishe,Moishe Lowtzky,"Ukraine,Poland",1881,1940
Agdestein,Simen,Simen Agdestein,Norway,1967,
Palme,Rudolf,Rudolf Palme,Austria,1910,2005
Hartston,William,William Hartston,England,1947,
Zhang,Weida,Zhang Weida,China,1949,
Perlis,Julius,Julius Perlis,"Poland,Austria",1880,1913
Chiburdanidze,Maia,Maia Chiburdanidze,Georgia,1961,
Vasiukov,Evgeni,Evgeni Vasiukov,Russia,1933,2018
Berger,Bela,Bela Berger,"Hungary,Australia",1931,2005
Maróczy,Géza,Géza Maróczy,Hungary,1870,1951
Reilly,Brian,Brian Reilly,"France,England,Ireland",1901,1991
Grau,Roberto,Roberto Grau,Argentina,1900,1944
Kremer,Leon,Leon Kremer,Poland,1901,1941
Riazantsev,Alexander,Alexander Riazantsev,Russia,1985,
Furman,Semyon,Semyon Furman,Russia,1920,1978
Wolf,Heinrich,Heinrich Wolf,Austria,1875,1943
Hodges,Albert,Albert Hodges,US,1861,1944
Genov,Petar,Petar Genov,Bulgaria,1970,
Jacobson,Ernst,Ernst Jacobson,Sweden,?,?
Szapiro,Gedali,Gedali Szapiro,"Poland,Israel",1929,
Sosonko,Genna,Genna Sosonko,"Russia,Netherlands",1943,
Evensohn,Alexander,Alexander Evensohn,Ukraine,1892,1919
Nickel,Arno,Arno Nickel,Germany,1952,
Sze,Rudolph,Rudolph Sze,"China,US",c. 1890,1938
Gaprindashvili,Nona,Nona Gaprindashvili,Georgia,1941,
Balogh,János,János Balogh,"Romania,Hungary",1892,1980
Mohiliver,Ariah,Ariah Mohiliver,"Poland,Israel",1904,
Schmid,Carl Friedrich,Carl Friedrich Schmid,Latvia,1840,1897
Klaus,Georg,Georg Klaus,Germany,1912,1974
Shen,Yang,Shen Yang,China,1989,
Assaubayeva,Bibisara,Bibisara Assaubayeva,"Kazakhstan,Russia",2004,
Sakharov,Yuri,Yuri Sakharov,Ukraine,1922,1981
Summerscale,Aaron,Aaron Summerscale,England,1969,
Kogan,Boris,Boris Kogan,"Russia,US",1940,1993
Anderson,Hope Arthurine,Hope Arthurine Anderson,Jamaica,1950,2016
Factor,Samuel,Samuel Factor,"Poland,US",1883,1949
Hou,Yifan,Hou Yifan,China,1994,
Kotsur,Pavel,Pavel Kotsur,Kazakhstan,1974,
Levenfish,Grigory,Grigory Levenfish,"Poland,Russia",1889,1961
Kapš,Darja,Darja Kapš,Slovenia,1981,
Aaron,Manuel,Manuel Aaron,India,1935,
Möller,Baldur,Baldur Möller,Iceland,<1921,
Baumbach,Friedrich,Friedrich Baumbach,Germany,1935,
Yakovich,Yuri,Yuri Yakovich,Russia,1962,
Pleci,Isaias,Isaias Pleci,Argentina,1907,1979
Colle,Edgard,Edgard Colle,Belgium,1897,1932
Gelfand,Boris,Boris Gelfand,"Belarus,Israel",1968,
Brinckmann,Alfred,Alfred Brinckmann,Germany,1891,1967
Kovačević,Vlatko,Vlatko Kovačević,Croatia,1942,
Stock,Lara,Lara Stock,Croatia,1992,
Noa,Josef,Josef Noa,Hungary,1856,1903
Westerinen,Heikki,Heikki Westerinen,Finland,1944,
Bagaturov,Giorgi,Giorgi Bagaturov,Georgia,1964,
Danailov,Silvio,Silvio Danailov,Bulgaria,1961,
Thipsay,Praveen,Praveen Thipsay,India,1959,
Palciauskas,Victor,Victor Palciauskas,"Lithuania,US",1941,
Fenoglio,Virgilio,Virgilio Fenoglio,Argentina,1902,1990
Reischer,Salome,Salome Reischer,"Austria,Palestine,US",1899,1980
Kunte,Abhijit,Abhijit Kunte,India,1977,
Sergeant,Philip Walsingham,Philip Walsingham Sergeant,England,1872,1952
Burn,Amos,Amos Burn,England,1848,1925
Ning,Chunhong,Ning Chunhong,China,1968,
Peters,John,John Peters,US,1951,
Bobotsov,Milko,Milko Bobotsov,Bulgaria,1931,2000
Åkesson,Ralf,Ralf Åkesson,Sweden,1961,
Kaila,Osmo,Osmo Kaila,Finland,1916,1991
Aitken,James Macrae,James Macrae Aitken,Scotland,1908,1983
Grynfeld,Izaak,Izaak Grynfeld,"Poland,Israel",1920,
Nogueiras,Jesus,Jesus Nogueiras,Cuba,1959,
Tsai,Cindy,Cindy Tsai,US,1985,
Mason,James,James Mason,"Ireland,US,England",1849,1905
Ermenkov,Evgenij,Evgenij Ermenkov,"Bulgaria,Palestine",1949,
Mališauskas,Vidmantas,Vidmantas Mališauskas,Lithuania,1963,
Zambrana,Oswaldo,Oswaldo Zambrana,Bolivia,1981,
Matulović,Milan,Milan Matulović,Serbia,1935,2013
Price,Edith Charlotte,Edith Charlotte Price,England,1872,1952
Xu,Jun,Xu Jun,China,1962,
Zobel,Leo,Leo Zobel,Slovakia,1895,1962
Moradi,Elshan,Elshan Moradi,Iran,1985,
Nyback,Tomi,Tomi Nyback,Finland,1985,
Kennedy,Hugh Alexander,Hugh Alexander Kennedy,"Ireland,England",1809,1878
Pintér,József,József Pintér,Hungary,1953,
Khismatullin,Denis,Denis Khismatullin,Russia,1984,
Mammadov,Rauf,Rauf Mammadov,Azerbaijan,1988,
Feinmesser,Rafał,Rafał Feinmesser,Poland,<1906,
Gygli,Fritz,Fritz Gygli,Switzerland,1896,1980
West,Guy,Guy West,Australia,1958,
Franco,Zenon,Zenon Franco,Paraguay,1956,
Øgaard,Leif,Leif Øgaard,Norway,1952,
Abrahams,Gerald,Gerald Abrahams,England,1907,1980
Muñoz,César,César Muñoz,Ecuador,1929,2000
Erskine,John Angus,John Angus Erskine,"New Zealand,Australia",1873,1960
Izbinsky,Stefan,Stefan Izbinsky,Ukraine,1884,1912
Winter,William,William Winter,England,1898,1955
Rabinovich,Ilya,Ilya Rabinovich,Russia,1891,1942
Keidanski,Hermann,Hermann Keidanski,"Poland,Germany",1865,1938
Kleczyński,Jan,Jan Kleczyński Sr.,Poland,1837,1895
Lazard,Gustave,Gustave Lazard,France,1876,1949
Rudge,Mary,Mary Rudge,England,1842,1919
Efimenko,Zahar,Zahar Efimenko,Ukraine,1985,
Spassky,Boris,Boris Spassky,"Russia,France",1937,
Nürnberg,Friedrich,Friedrich Nürnberg,Germany,1909,1984
Rabar,Braslav,Braslav Rabar,Croatia,1919,1973
Benjamin,Joel,Joel Benjamin,US,1964,
Bron,Vladimir,Vladimir Bron,Ukraine,1909,1985
Short,Nigel,Nigel Short,England,1965,
Pillsbury,Harry Nelson,Harry Nelson Pillsbury,US,1872,1906
Cenni,Giovanni,Giovanni Cenni,Italy,1881,1957
Asrian,Karen,Karen Asrian,Armenia,1980,2008
Persitz,Raaphi,Raaphi Persitz,"England,Israel,Switzerland",1934,
Rozental,Solomon,Solomon Rozental,"Lithuania,Belarus,Russia",1890,1955
Karff,Mona May,Mona May Karff,"Moldova,Russia,Palestine,US",1914,1998
Alexander,Hugh,Hugh Alexander,England,1899,1974
Krause,Orla Hermann,Orla Hermann Krause,Denmark,1867,1935
Ramírez,Alejandro,Alejandro Ramírez,Costa Rica,1988,
Junge,Klaus,Klaus Junge,"Chile,Germany",1924,1945
Shumov,Ilya,Ilya Shumov,Russia,1819,1881
Simonson,Albert,Albert Simonson,US,1914,1965
Levy,David,David Levy,Scotland,1945,
Segovia,Fernando Visier,Fernando Visier Segovia,Spain,1943,
Turov,Maxim,Maxim Turov,Russia,1979,
Andersson,Ulf,Ulf Andersson,Sweden,1951,
Steiner,Herman,Herman Steiner,"Slovakia/Hungary,US",1905,1955
Landa,Konstantin,Konstantin Landa,Russia,1972,
Oren,Menachem,Menachem Oren,"Poland,Israel",1901,1962
Platz,Joseph,Joseph Platz,"Germany,US",1905,1981
Bertok,Mario,Mario Bertok,Croatia,1929,2008
Kravtsiv,Martyn,Martyn Kravtsiv,Ukraine,1990,
Donaldson,John W.,John W. Donaldson,US,1958,
Fox,Maurice,Maurice Fox,"Ukraine,Canada",1898,1988
Szabados,Eugenio,Eugenio Szabados,"Hungary,Italy",1898,1974
Mora,María Teresa,María Teresa Mora,Cuba,1902,1980
Menchik,Olga,Olga Menchik,"Russia,Czechoslovakia,England",1908,1944
Furtado,Ivana Maria,Ivana Maria Furtado,India,1999,
Bernstein,Ossip,Ossip Bernstein,"Ukraine,France",1882,1962
Staunton,Howard,Howard Staunton,England,1810,1874
Fagan,Louisa Matilda,Louisa Matilda Fagan,"Italy,England",1850,1931
Yu,Shaoteng,Yu Shaoteng,China,1979,
Sicre,Félix,Félix Sicre,Cuba,1817,1871
Flear,Glenn,Glenn Flear,England,1959,
Sterk,Károly,Károly Sterk,Hungary,1881,1946
Wiel,John van der,John van der Wiel,Netherlands,1959,
Flores,Rodrigo,Rodrigo Flores,Chile,1913,2007
Persson,Tiger Hillarp,Tiger Hillarp Persson,Sweden,1970,
Liberzon,Vladimir,Vladimir Liberzon,"Russia,Israel",1937,
So,Wesley,Wesley So,Philippines,1993,
Chigorin,Mikhail,Mikhail Chigorin,Russia,1850,1908
Endzelins,Lucijs,Lucijs Endzelins,"Estonia,Latvia,Australia",1909,1981
Unzicker,Wolfgang,Wolfgang Unzicker,Germany,1925,2006
Hawkins,Jonathan,Jonathan Hawkins,England,1983,
Domnitz,Zadok,Zadok Domnitz,Israel,1933,
Odeev,Handszar,Handszar Odeev,Turkmenistan,1972,
Popiel,Ignatz von,Ignatz von Popiel,"Austria-Hungary,Poland",1863,1941
Pert,Nick,Nick Pert,England,1981,
Mashian,Houshang,Houshang Mashian,"Iran,Israel",1938,
Lima,Darcy,Darcy Lima,Brazil,1962,
Mascarinas,Rico,Rico Mascarinas,Philippines,1954,
Tapasztó,László,László Tapasztó,"Hungary,Venezuela,US",1930,
Pitschel,Karl,Karl Pitschel,Austria,1829,1883
Clerc,Albert,Albert Clerc,France,1830,1918
Yusupov,Artur,Artur Yusupov,"Russia,Germany",1960,
Byrne,Robert,Robert Byrne,US,1928,2013
Makogonov,Vladimir,Vladimir Makogonov,Azerbaijan,1904,1993
Sandrin,Albert,Albert Sandrin Jr.,US,1923,2004
Kramer,Adolf,Adolf Kramer,Germany,1871,1934
Alatortsev,Vladimir,Vladimir Alatortsev,Russia,1909,1987
Curdo,John,John Curdo,US,1931,
Ni,Hua,Ni Hua,China,1983,
Naroditsky,Daniel,Daniel Naroditsky,US,1995,
Yepez,Trotzky,Trotzky Yepez,Ecuador,1940,2010
Wang,Puchen,Puchen Wang,"China,New Zealand",1990,
Veresov,Gavriil,Gavriil Veresov,Russia,1912,1979
Huzman,Alexander,Alexander Huzman,"Ukraine,Israel",1962,
Bier,Martin,Martin Bier,Germany,1854,1934
Zhang,Jilin,Zhang Jilin,China,1986,
Sittenfeld,Stanislaus,Stanislaus Sittenfeld,"Poland,France",1865,1902
Zaitsev,Alexander,Alexander Zaitsev,Russia,1935,1971
Smirin,Ilya,Ilya Smirin,"Belarus,Israel",1968,
Lokvenc,Josef,Josef Lokvenc,Austria,1899,1974
Zalkind,Lazar,Lazar Zalkind,Ukraine,1886,1945
Koblencs,Alexander,Alexander Koblencs,Latvia,1916,1993
Thompson,Theophilus,Theophilus Thompson,US,1855,
Berndtsson,Karl,Karl Berndtsson,Sweden,1892,1943
Klein,Paul,Paul Klein,"Germany,Ecuador",1930,
Geshev,Georgy,Georgy Geshev,Bulgaria,1903,1937
Dzhumaev,Marat,Marat Dzhumaev,Uzbekistan,1976,
Ascher,Jacob,Jacob Ascher,"England,Canada",1841,1912
Zawadzka,Beata,Beata Zawadzka,Poland,1986,
Capablanca,José Raúl,José Raúl Capablanca,Cuba,1888,1942
Ivanov,Alexander,Alexander Ivanov,US,1956,
Zhaoqin,Peng,Peng Zhaoqin,China,1968,
Langleben,Salomon,Salomon Langleben,Poland,1862,1939
Mlotkowski,Stasch,Stasch Mlotkowski,US,1881,1943
Feuerstein,Arthur,Arthur Feuerstein,US,1935,
Selezniev,Alexey,Alexey Selezniev,"Russia,France",1888,1967
Delmar,Eugene,Eugene Delmar,US,1841,1909
Gonzales,Jayson,Jayson Gonzales,Philippines,1969,
Kristol,Ljuba,Ljuba Kristol,"Russia,Israel",1944,
Howell,Clarence,Clarence Howell,US,1881,1936
Sadvakasov,Darmen,Darmen Sadvakasov,Kazakhstan,1979,
Zagorovsky,Vladimir,Vladimir Zagorovsky,Russia,1925,1994
Diesen,Mark,Mark Diesen,US,1957,2008
Barász,Zsigmond,Zsigmond Barász,Hungary,1878,1935
Kvicala,Jan,Jan Kvicala,Czechoslovakia,1868,1939
Johansen,Darryl,Darryl Johansen,Australia,1959,
Minasian,Artashes,Artashes Minasian,Armenia,1987,
Scheltinga,Theo van,Theo van Scheltinga,Netherlands,1914,1994
Lin,Ta,Lin Ta,China,1963,
Exner,Győző,Győző Exner,Hungary,1864,1945
Zaitsev,Igor,Igor Zaitsev,Russia,1938,
Avram,Herbert,Herbert Avram,US,1913,2006
Schelfhout,Willem,Willem Schelfhout,Netherlands,1874,1951
Friedman,Henryk,Henryk Friedman,Poland,1903,1942
Blau,Max,Max Blau,"Germany,Switzerland",1918,1984
Estrin,Yakov,Yakov Estrin,Russia,1923,1987
Junge,Otto,Otto Junge,"Chile,Germany",1887,1978
Suba,Mihai,Mihai Suba,Romania,1947,
Szapiro,Salomon,Salomon Szapiro,Poland,1882,1944
Aronin,Lev,Lev Aronin,Russia,1920,1983
Razuvayev,Yuri,Yuri Razuvayev,Russia,1945,2012
Firmian,Nick de,Nick de Firmian,US,1957,
Svidler,Peter,Peter Svidler,Russia,1976,
Trifunović,Petar,Petar Trifunović,"Croatia,Serbia",1910,1980
Liang,Jinrong,Liang Jinrong,China,1960,
Boleslavsky,Isaac,Isaac Boleslavsky,"Ukraine,Russia,Belarus",1919,1977
Halprin,Alexander,Alexander Halprin,"Russia,Austria",1868,1921
Bjelica,Dimitrije,Dimitrije Bjelica,Serbia,1935,
Sisniega Campbell,Marcel,Marcel Sisniega Campbell,Mexico,1959,
Markuš,Robert,Robert Markuš,Serbia,1984,
Rubinstein,Solomon,Solomon Rubinstein,"Poland,US",1868,1931
Wang,Rui,Wang Rui,China,1978,
Kohn,Stanisław,Stanisław Kohn,Poland,1895,1940
Crépeaux,Robert,Robert Crépeaux,France,1900,1994
Djurhuus,Rune,Rune Djurhuus,Norway,1970,
Wood,Baruch Harold,Baruch Harold Wood,England,1909,1989
Li,Ruofan,Li Ruofan,Singapore,1978,
Philidor,François-André Danican,François-André Danican Philidor,France,1726,1795
Wely,Loek van,Loek van Wely,Netherlands,1972,
Vaitonis,Povilas,Povilas Vaitonis,"Lithuania,Canada",1911,1983
Hołuj-Radzikowska,Krystyna,Krystyna Hołuj-Radzikowska,Poland,1931,2006
Kogan,Artur,Artur Kogan,"Ukraine,Israel",1974,
Šubarić,Mladen,Mladen Šubarić,Croatia,1920,
Kinnmark,Olof,Olof Kinnmark,Sweden,1897,1970
Sebag,Marie,Marie Sebag,France,1986,
Kraai,Jesse,Jesse Kraai,US,1972,
Castaldi,Vincenzo,Vincenzo Castaldi,Italy,1916,1970
Dobkin,Yosef,Yosef Dobkin,"Russia,Israel",1909,1977
Moehle,Charles,Charles Moehle,US,1859,1898
Donner,Jan Hein,Jan Hein Donner,Netherlands,1927,1988
Grundy,James,James Grundy,"England,US",1855,1919
Blackmar,Armand,Armand Blackmar,US,1826,1888
Bocharov,Dmitry,Dmitry Bocharov,Russia,1982,
Zhu,Chen,Zhu Chen,China,1976,
Sterren,Paul van der,Paul van der Sterren,Netherlands,1956,
Dlugy,Maxim,Maxim Dlugy,"Russia,US",1966,
Podhorzer,David,David Podhorzer,Austria,<1916,
Barcza,Gedeon,Gedeon Barcza,Hungary,1911,1986
Showalter,Jackson,Jackson Showalter,US,1860,1935
Rauzer,Vsevolod,Vsevolod Rauzer,Ukraine,1908,1941
Beliavsky,Alexander,Alexander Beliavsky,"Ukraine,Slovenia",1953,
Guthi,Emanuel,Emanuel Guthi,Israel,1938,
Vachier-Lagrave,Maxime,Maxime Vachier-Lagrave,France,1990,
Schulz,Jan,Jan Schulz,Czechoslovakia,1899,1953
Tarjan,James,James Tarjan,US,1952,
Kholmov,Ratmir,Ratmir Kholmov,"Russia,Belarus,Lithuania",1925,2006
Vovk,Yuri,Yuri Vovk,Ukraine,1988,
Carls,Carl,Carl Carls,Germany,1880,1958
Gresser,Gisela Kahn,Gisela Kahn Gresser,US,1906,2000
Berliner,Hans,Hans Berliner,"Germany,US",1929,2017
Polgar,Zsuzsa,Zsuzsa Polgar,"Hungary,US",1969,
Gheorghiu,Florin,Florin Gheorghiu,Romania,1944,
Zamikhovsky,Abram,Abram Zamikhovsky,Ukraine,1908,1978
Sepp,Olav,Olav Sepp,Estonia,1969,
Roselli,Bernardo,Bernardo Roselli,Uruguay,1965,
Baramidze,David,David Baramidze,"Georgia,Germany",1988,
Kavalek,Lubomir,Lubomir Kavalek,"Czechoslovakia,US",1943,
O'Connell,Kevin,Kevin O'Connell,"England,Ireland",1949,
Jakovenko,Dmitry,Dmitry Jakovenko,Russia,1983,
Harmonist,Max,Max Harmonist,Germany,1864,1907
Wang,Pin,Wang Pin,China,1974,
Keller-Herrmann,Edith,Edith Keller-Herrmann,Germany,1921,2010
Needleman,Gastón,Gastón Needleman,Argentina,1990,
Ponziani,Domenico,Domenico Ponziani,Italy,1719,1796
Baratz,Abraham,Abraham Baratz,"Romania,France",1895,1975
Schlechter,Carl,Carl Schlechter,Austria,1874,1918
Šarić,Ivan,Ivan Šarić,Croatia,1990,
Orbach,Wilhelm,Wilhelm Orbach,Germany,1894,1944
Korobov,Anton,Anton Korobov,Ukraine,1985,
Pinkus,Albert,Albert Pinkus,US,1903,1984
Kevitz,Alexander,Alexander Kevitz,US,1902,1981
Murdzia,Piotr,Piotr Murdzia,Poland,1975,
Rowson,Jonathan,Jonathan Rowson,Scotland,1977,
Wedberg,Tom,Tom Wedberg,Sweden,1953,
Caruana,Fabiano,Fabiano Caruana,"US,Italy",1992,
Anderson,Frank,Frank Anderson,Canada,1928,1980
Hamdouchi,Hichem,Hichem Hamdouchi,Morocco,1972,
Cukierman,Josef,Josef Cukierman,"Poland,France",1900,1941
Wang,Yue,Wang Yue,China,1987,
Schottländer,Arnold,Arnold Schottländer,Germany,1854,1909
Harikrishna,Pendyala,Pendyala Harikrishna,India,1986,
Sarwer,Jeff,Jeff Sarwer,Canada,1978,
Steiner,Endre,Endre Steiner,Hungary,1901,1944
Tschepurnoff,Anatol,Anatol Tschepurnoff,Finland,1871,1942
Nebolsina,Vera,Vera Nebolsina,Russia,1989,
Lichtenhein,Theodor,Theodor Lichtenhein,"Germany,US",1829,1874
Walter,Max,Max Walter,Slovakia,1896,1940
Georgiev,Kiril,Kiril Georgiev,Bulgaria,1965,
Dufresne,Jean,Jean Dufresne,Germany,1829,1893
Lebedev,Sergey,Sergey Lebedev,Russia,1868,1942
Zuniga,Julio Granda,Julio Granda Zuniga,Peru,1967,
Gausel,Einar,Einar Gausel,Norway,1963,
Hook,Bill,Bill Hook,"US,British Virgin Islands",1925,2010
Alterman,Boris,Boris Alterman,Israel,1970,
Uesugi,Shinsaku,Shinsaku Uesugi,Japan,1991,
Bleiman,Yaacov,Yaacov Bleiman,"Lithuania,Israel",1947,2004
Barua,Dibyendu,Dibyendu Barua,India,1966,
Lilienthal,Andor,Andor Lilienthal,"Hungary,Russia",1911,2010
Boi,Paolo,Paolo Boi,Italy,1528,1598
Areshchenko,Alexander,Alexander Areshchenko,Ukraine,1986,
Kramer,Haije,Haije Kramer,Netherlands,1917,2004
Rejfir,Josef,Josef Rejfir,Czechoslovakia,1909,1962
Ljubojević,Ljubomir,Ljubomir Ljubojević,Serbia,1950,
Penrose,Jonathan,Jonathan Penrose,England,1933,
Gershon,Alik,Alik Gershon,Israel,1980,
Zamora,Juan Carlos González,Juan Carlos González Zamora,Mexico,1968,
Polland,David,David Polland,US,1915,
Iordachescu,Viorel,Viorel Iordachescu,Moldova,1977,
Finegold,Ben,Ben Finegold,US,1969,
Kosteniuk,Alexandra,Alexandra Kosteniuk,Russia,1984,
Rellstab,Ludwig,Ludwig Rellstab,Germany,1904,1983
Colombo,Camila,Camila Colombo,Uruguay,1990,
Turiansky,Myroslav,Myroslav Turiansky,"Ukraine,US",1912,1998
Matisons,Hermanis,Hermanis Matisons,Latvia,1894,1932
Kleczyński,Jan,Jan Kleczyński Jr.,Poland,1875,1939
Ruben,Karl,Karl Ruben,Denmark,1903,
Lee,Peter,Peter Lee,England,1943,
Petrosian,Tigran,Tigran Petrosian,"Armenia,Georgia,USSR",1929,1984
Potkin,Vladimir,Vladimir Potkin,Russia,1982,
Pilnik,Herman,Herman Pilnik,"Germany,Argentina",1914,1981
Porges,Moritz,Moritz Porges,Bohemia/Austria-Hungary,1857,1909
Kong,Chan Peng,Chan Peng Kong,Singapore,1956,
Belakovskaia,Anjelina,Anjelina Belakovskaia,"Ukraine,US",1969,
Kosintseva,Tatiana,Tatiana Kosintseva,Russia,1986,
Eliskases,Erich,Erich Eliskases,"Austria,Germany,Argentina",1913,1997
Pogorieły,Henryk,Henryk Pogorieły,Poland,1908,1943
Golombek,Harry,Harry Golombek,England,1911,1995
Gladig,Matteo,Matteo Gladig,Italy,1880,1915
Sloth,Jørn,Jørn Sloth,Denmark,1944,
Kuzubov,Yuriy,Yuriy Kuzubov,Ukraine,1990,
Wegemund,Otto,Otto Wegemund,Germany,1870,1928
Nagy,Géza,Géza Nagy,Hungary,1892,1953
Fedorchuk,Sergey,Sergey Fedorchuk,Ukraine,1981,
Smerdon,David,David Smerdon,Australia,1984,
Chen,De,Chen De,China,1949,
Smejkal,Jan,Jan Smejkal,Czechoslovakia,1946,
Xie,Jun,Xie Jun,China,1970,
Donaldson,Elena,Elena Donaldson,"Russia,Georgia,US",1957,
Arakhamia-Grant,Ketevan,Ketevan Arakhamia-Grant,Georgia,1968,
Novikov,Igor,Igor Novikov,"Ukraine,US",1962,
Grigoriev,Nikolay,Nikolay Grigoriev,Russia,1895,1935
Flesch,János,János Flesch,Hungary,1933,1983
Baird,David Graham,David Graham Baird,US,1854,1913
Amin,Bassem,Bassem Amin,Egypt,1988,
Zhao,Xue,Zhao Xue,China,1985,
Smirnov,Pavel,Pavel Smirnov,Russia,1982,
Denker,Arnold,Arnold Denker,US,1914,2005
Averbakh,Yuri,Yuri Averbakh,Russia,1922,
Keene,Raymond,Raymond Keene,England,1948,
Gotthilf,Solomon,Solomon Gotthilf,Russia,1903,1967
Postny,Evgeny,Evgeny Postny,Israel,1981,
Noteboom,Daniël,Daniël Noteboom,Netherlands,1910,1932
Kokarev,Dmitry,Dmitry Kokarev,Russia,1982,
Soltis,Andrew,Andrew Soltis,US,1947,
Petrosian,Davit G.,Davit G. Petrosian,Armenia,1984,
Palac,Mladen,Mladen Palac,Croatia,1971,
Dückstein,Andreas,Andreas Dückstein,"Hungary,Austria",1927,
Zatulovskaya,Tatiana,Tatiana Zatulovskaya,"Azerbaijan,Russia,Israel",1935,2017
Wohl,Aleksandar,Aleksandar Wohl,Australia,1963,
Shirazi,Kamran,Kamran Shirazi,"Iran,US,France",1952,
Gasanov,Eldar,Eldar Gasanov,Ukraine,1982,
Blumin,Boris,Boris Blumin,"Russia,Canada,US",1907,1998
Schories,Georg,Georg Schories,Germany,1874,1934
Rice,Isaac,Isaac Rice,US,1850,1915
"Bardeleben,von",Curt,Curt von Bardeleben,Germany,1861,1924
Stanec,Nikolaus,Nikolaus Stanec,Austria,1968,
Ascharin,Andreas,Andreas Ascharin,"Estonia,Latvia",1843,1896
Greiff,Boris De,Boris De Greiff,Colombia,1930,2011
Silman,Jeremy,Jeremy Silman,US,1954,
Leonardo,Giovanni,Giovanni Leonardo,Italy,1542,1587
Matibet,Louis Betbeder,Louis Betbeder Matibet,France,1901,1986
Wiedenkeller,Michael,Michael Wiedenkeller,Sweden,1963,
Zugic,Igor,Igor Zugic,Canada,1981,
Makovetz,Gyula,Gyula Makovetz,Hungary,1860,1903
Ree,Hans,Hans Ree,Netherlands,1944,
Mieses,Jacques,Jacques Mieses,"Germany,England",1865,1954
Machtas,Aleksandras,Aleksandras Machtas,"Lithuania,Israel",1892,1973
Pelikán,Jiří,Jiří Pelikán,"Czechoslovakia,Argentina",1906,1985
Ashley,Maurice,Maurice Ashley,"Jamaica,US",1966,
Timmerman,Gert Jan,Gert Jan Timmerman,Netherlands,1956,
Sasikiran,Krishnan,Krishnan Sasikiran,India,1981,
Yuhua,Xu,Xu Yuhua,China,1976,
Steinitz,Wilhelm,Wilhelm Steinitz,"Bohemia,Austria,England,US",1836,1900
Koon-Jong,Jason Goh,Jason Goh Koon-Jong,Singapore,1989,
Firmian,Nick de,Nick de Firmian,US,1957,
Kramnik,Vladimir,Vladimir Kramnik,Russia,1975,
Külaots,Kaido,Kaido Külaots,Estonia,1976,
Balinas,Rosendo,Rosendo Balinas Jr.,Philippines,1941,1998
Kostić,Boris,Boris Kostić,"Austria-Hungary,Yugoslavia",1887,1963
Wojciechowski,Antoni,Antoni Wojciechowski,Poland,1905,1938
Deepan,Chakkravarthy,Chakkravarthy Deepan,India,1987,
Tyroler,Alexandru,Alexandru Tyroler,Romania,1891,1990
Saburov,Peter Alexandrovich,Peter Alexandrovich Saburov,Russia,1835,1918
Deviatkin,Andrei,Andrei Deviatkin,Russia,1980,
Hunt,Harriet,Harriet Hunt,England,1978,
König,Imre,Imre König,"Hungary,Yugoslavia,England,US",1899,1992
Mamedyarov,Shakhriyar,Shakhriyar Mamedyarov,Azerbaijan,1985,
Rohaček,Ivan Vladimir,Ivan Vladimir Rohaček,Slovakia,1909,1977
Kore,Akshayraj,Akshayraj Kore,India,1988,
Dydyshko,Viacheslav,Viacheslav Dydyshko,Belarus,1949,
Maderna,Carlos,Carlos Maderna,Argentina,1910,1976
Pirc,Vasja,Vasja Pirc,Slovenia,1907,1980
Polgár,Judit,Judit Polgár,Hungary,1976,
Dominguez,Lenier,Lenier Dominguez,Cuba,1983,
Canal,Esteban,Esteban Canal,"Peru,Italy",1896,1981
Kouatly,Bachar,Bachar Kouatly,"Syria,Liban,France",1958,
Fähndrich,Hugo,Hugo Fähndrich,"Hungary,Austria",1851,1930
Yang,Hsu Li,Hsu Li Yang,Singapore,1972,
Nunn,John,John Nunn,England,1955,
Li,LiShongjian, Shongjian,China,1939,
Rosanes,Jakob,Jakob Rosanes,"Ukraine/Austria-Hungary,Germany",1842,1922
Movsesian,Sergei,Sergei Movsesian,"Armenia,Slovakia",1978,
Raud,Ilmar,Ilmar Raud,"Estonia,Argentina",1913,1941
Robinow,Walter,Walter Robinow,Germany,1867,1938
Benima,Levi,Levi Benima,Netherlands,1837,1922
Balparda,Julio,Julio Balparda,Uruguay,,1942
Bisguier,Arthur,Arthur Bisguier,US,1929,2017
Löwenthal,Johann,Johann Löwenthal,"Hungary,England",1810,1876
Goncharov,Aleksei,Aleksei Goncharov,Russia,1879,1913
Spielmann,Rudolf,Rudolf Spielmann,"Austria,Sweden",1883,1942
Charousek,Rudolf,Rudolf Charousek,Hungary,1873,1900
O'Kelly de Galway,Albéric,Albéric O'Kelly de Galway,Belgium,1911,1980
Yurdansky,Peter,Peter Yurdansky,Russia,1891,1937
Belsitzmann,Zdzisław,Zdzisław Belsitzmann,Poland,c. 1890,1920
Jacková,Jana,Jana Jacková,Czech Republic,1982,
Pokorny,Rudolph,Rudolph Pokorny,"Bohemia,Mexico,US",1880,after 1920
Shulman,Yury,Yury Shulman,"Belarus,US",1975,
Yanofsky,Daniel,Daniel Yanofsky,"Poland,Canada",1925,2000
Lazard,Frédéric,Frédéric Lazard,France,1883,1948
Fedorowicz,John,John Fedorowicz,US,1958,
Emms,John,John Emms,England,1967,
Zadrima,Aldo,Aldo Zadrima,Albania,1948,
Lutz,Christopher,Christopher Lutz,Germany,1971,
Jursevskis,Miervaldis,Miervaldis Jursevskis,"Latvia,Canada",1921,2014
Balogh,Csaba,Csaba Balogh,Hungary,1987,
Belavenets,Sergey,Sergey Belavenets,Russia,1910,1942
Purdy,Cecil,Cecil Purdy,"New Zealand,Australia",1906,1979
Li,Shilong,Li Shilong,China,1977,
Čmilytė,Viktorija,Viktorija Čmilytė,Lithuania,1983,
Soćko,Monika,Monika Soćko,Poland,1978,
Dvoretsky,Mark,Mark Dvoretsky,Russia,1947,
Schiffers,Emanuel,Emanuel Schiffers,Russia,1850,1904
Bin-Sattar,Reefat,Reefat Bin-Sattar,Bangladesh,1974,
Smiltiner,Shlomo,Shlomo Smiltiner,Israel,1915,2015
Jakovleva,Lora,Lora Jakovleva,Russia,1932,
Pons,Francisco Vallejo,Francisco Vallejo Pons,Spain,1982,
Petrov,Alexander,Alexander Petrov,Russia,1794,1867
Beutum,Siegmund,Siegmund Beutum,Austria,1890,1966
Goldin,Alexander,Alexander Goldin,Russia,1965,
Cochrane,John,John Cochrane,England,1798,1878
Romanovsky,Alexander,Alexander Romanovsky,"Lithuania,Russia",1880,1943
Zilberman,Yaacov,Yaacov Zilberman,Israel,1954,
Kraidman,Yair,Yair Kraidman,Israel,1932,
Kieseritzky,Lionel,Lionel Kieseritzky,"Estonia,France",1806,1853
Scheve,Theodor von,Theodor von Scheve,Germany,1851,1922
Metger,Johannes,Johannes Metger,Germany,1850,1926
Trenchard,Herbert William,Herbert William Trenchard,England,1857,1934
Maliutin,Boris,Boris Maliutin,Russia,1883,1920
Igla,Bella,Bella Igla,"Russia,Israel",1985,
Araiza,José Joaquin,José Joaquin Araiza,Mexico,1900,1971
Groot,Adriaan de,Adriaan de Groot,Netherlands,1914,2006
Vidmar,Milan,Milan Vidmar Jr.,Slovenia,1909,1980
Krogius,Nikolai,Nikolai Krogius,Russia,1930,
Mendes,João de Souza,João de Souza Mendes,Brazil,1892,1969
Eisenberg,Louis,Louis Eisenberg,"Ukraine,US",1876,>1909
Cardoso,Rodolfo Tan,Rodolfo Tan Cardoso,Philippines,1937,2013
Fridlizius,Joel,Joel Fridlizius,Sweden,1869,1963
Lombardy,William,William Lombardy,US,1937,2017
Thomas,George Alan,George Alan Thomas,"Turkey,England",1881,1972
Jones,Iolo,Iolo Jones,Wales,1947,
Mutesi,Phiona,Phiona Mutesi,Uganda,?,?
Weil,Wolfgang,Wolfgang Weil,Austria,1912,1945
Lundin,Erik,Erik Lundin,Sweden,1904,1988
Wahltuch,Victor,Victor Wahltuch,England,1875,1953
Nyholm,Gustaf,Gustaf Nyholm,Sweden,1880,1957
Skalička,Karel,Karel Skalička,"Czechoslovakia,Argentina",1896,1979
Manakova,Maria,Maria Manakova,Serbia,1974,
Hug,Werner,Werner Hug,Switzerland,1952,
Janowski,Chaim,Chaim Janowski,"Poland,Germany,Japan",c. 1868,1935
Corzo,Juan,Juan Corzo,Cuba,1873,1941
Bischoff,Klaus,Klaus Bischoff,Germany,1961,
Meitner,Philipp,Philipp Meitner,Austria,1838,1910
Eingorn,Vereslav,Vereslav Eingorn,Ukraine,1956,
Kalme,Charles,Charles Kalme,"Latvia,Germany,US",1939,2003
Palermo,Carlos Garcia,Carlos Garcia Palermo,"Argentina,Italy",1953,
Gobet,Fernand,Fernand Gobet,Switzerland,1962,
Sherwin,James,James Sherwin,"US,England",1933,
Rosendahl,Andreas,Andreas Rosendahl,Denmark,1864,1909
Golubev,Mikhail,Mikhail Golubev,Ukraine,1970,
Bagheri,Amir,Amir Bagheri,Iran,1978,
García,José González,José González García,Mexico,1973,
Fier,Alexandr,Alexandr Fier,Brazil,1988,
Liu,Shilan,Liu Shilan,China,1962,
Trent,Lawrence,Lawrence Trent,England,1986,
Mecking,Henrique,Henrique Mecking,Brazil,1952,
Sermek,Drazen,Drazen Sermek,Slovenia,1969,
Graf,Alexander,Alexander Graf,"Uzbekistan,Germany",1962,
Stefanova,Antoaneta,Antoaneta Stefanova,Bulgaria,1979,
Helling,Karl,Karl Helling,Germany,1904,1937
Minckwitz,Johannes,Johannes Minckwitz,Germany,1843,1901
Koch,Berthold,Berthold Koch,Germany,1899,1988
Apšenieks,Fricis,Fricis Apšenieks,Latvia,1894,1941
"Bilguer,von",Paul Rudolf,Paul Rudolf von Bilguer,Germany,1815,1840
Istrățescu,Andrei,Andrei Istrățescu,Romania,1985,
Laznicka,Viktor,Viktor Laznicka,Czech Republic,1988,
Nyzhnyk,Illya,Illya Nyzhnyk,Ukraine,1996,
Palatnik,Sam,Sam Palatnik,"Ukraine,US",1950,
Lauberte,Milda,Milda Lauberte,Latvia,1918,2009
Vidmar,Milan,Milan Vidmar,Slovenia,1885,1962
Myagmarsuren,Lhamsuren,Lhamsuren Myagmarsuren,Mongolia,1938,
Caro,Horatio,Horatio Caro,"England,Germany",1862,1920
Rootare,Salme,Salme Rootare,Estonia,1913,1987
Sax,Gyula,Gyula Sax,Hungary,1951,
,,As-Suli,Abbasid Caliphate,c. 880,c. 946
Charbonneau,Pascal,Pascal Charbonneau,Canada,1983,
Skripchenko,Almira,Almira Skripchenko,"Moldova,France",1976,
Herland,Sigmund,Sigmund Herland,Romania,1865,1954
Cramling,Pia,Pia Cramling,Sweden,1963,
Landau,Salo,Salo Landau,"Poland,Netherlands",1903,1944
Helms,Hermann,Hermann Helms,US,1870,1963
Kurajica,Bojan,Bojan Kurajica,Bosnia and Herzegovina,1947,
Herman,Róża,Róża Herman,Poland,1902,1995
Mikhalchishin,Adrian,Adrian Mikhalchishin,"Ukraine,Slovenia",1954,
Browne,Walter,Walter Browne,"Australia,US",1949,2015
Sapira,Emmanuel,Emmanuel Sapira,"Romania,Belgium",1900,1943
Matanović,Aleksandar,Aleksandar Matanović,Serbia,1930,
Dubeck,Leroy,Leroy Dubeck,US,1939,
Rosenthal,Jacob,Jacob Rosenthal,US,1881,1954
Plachetka,Ján,Ján Plachetka,Slovakia,1945,
Wang,Hao,Wang Hao,China,1989,
Norwood,David,David Norwood,England,1968,
Rubinstein,Akiba,Akiba Rubinstein,"Poland,Germany,Belgium",1882,1961
Schwartzman,Aaron,Aaron Schwartzman,Argentina,1908,
Walker,George,George Walker,England,1803,1879
Gareev,Timur,Timur Gareev,Uzbekistan,1988,
Rogmann,Gustav,Gustav Rogmann,Germany,1909,1947
Tiviakov,Sergei,Sergei Tiviakov,"Russia,Netherlands",1973,
Miles,Tony,Tony Miles,England,1955,2001
Kudrin,Sergey,Sergey Kudrin,"Russia,US",1959,
Drozdovskij,Yuri,Yuri Drozdovskij,Ukraine,1984,
Navara,David,David Navara,Czech Republic,1985,
Boutteville,César,César Boutteville,"Vietnam,France",1917,2015
Bellin,Jana,Jana Bellin,"Czechoslovakia,England",1947,
Boytsun,Olena,Olena Boytsun,Ukraine,1983,
Rubtsova,Olga,Olga Rubtsova,Russia,1909,1994
Simagin,Vladimir,Vladimir Simagin,Russia,1919,1968
Galliamova,Alisa,Alisa Galliamova,Russia,1972,
Khadilkar,Rohini,Rohini Khadilkar,India,1963,
Damiano,Pedro,Pedro Damiano,Portugal,1480,1544
Konarkowska-Sokolov,Henrijeta,Henrijeta Konarkowska-Sokolov,"Poland,Serbia",1938,
Jansa,Vlastimil,Vlastimil Jansa,Czech Republic,1942,
Schwarz,Adolf,Adolf Schwarz,"Hungary,Austria",1836,1910
Schweber,Samuel,Samuel Schweber,Argentina,1936,
Vilner,Yakov,Yakov Vilner,Ukraine,1899,c. 1930
Budowski,Gerardo,Gerardo Budowski,"Germany,France,Venezuela,Costa Rica",1925,2014
Savchenko,Stanislav,Stanislav Savchenko,Ukraine,1967,
Holloway,Edith,Edith Holloway,England,1868,1956
Blass,Abram,Abram Blass,"Poland,Israel",1895,1971
Tyomkin,Dimitri,Dimitri Tyomkin,Canada,1977,
Schapiro,Morris,Morris Schapiro,"Lithuania,US",1903,1996
Malakhov,Vladimir,Vladimir Malakhov,Russia,1980,
Tisdall,Jonathan,Jonathan Tisdall,"US,Norway",1958,
Magerramov,Elmar,Elmar Magerramov,Azerbaijan,1958,
Myers,Hugh,Hugh Myers,US,1930,2008
Watai,Miyoko,Miyoko Watai,Japan,1945,
Õim,Tõnu,Tõnu Õim,Estonia,1941,
Sanguineti,Raúl,Raúl Sanguineti,Argentina,1933,2000
Yates,Frederick,Frederick Yates,England,1884,1932
Henneberger,Walter,Walter Henneberger,Switzerland,1883,1969
Gunsberg,Isidor,Isidor Gunsberg,"Hungary,England",1854,1930
Popović,Petar,Petar Popović,"Yugoslavia,Serbia",1959,
Porath,Yosef,Yosef Porath,"Germany,Israel",1909,1996
Pogosyants,Ernest,Ernest Pogosyants,Ukraine,1935,1990
Palo,Davor,Davor Palo,Denmark,1985,
Wojtkiewicz,Aleksander,Aleksander Wojtkiewicz,"Latvia,Poland,US",1963,2006
Weenink,Henri,Henri Weenink,Netherlands,1892,1931
Henneberger,Moriz,Moriz Henneberger,Switzerland,1878,1959
Koshnitsky,Gary,Gary Koshnitsky,"Moldova,Australia",1907,1999
Ward,Chris,Chris Ward,England,1968,
Schwartzman,Gabriel,Gabriel Schwartzman,"Romania,US",1976,
Balshan,Amikam,Amikam Balshan,Israel,1948,
Karjakin,Sergey,Sergey Karjakin,Ukraine,1990,
Miroshnichenko,Evgenij,Evgenij Miroshnichenko,Ukraine,1978,
Niephaus,Walter,Walter Niephaus,Germany,1923,1992
Gharamian,Tigran,Tigran Gharamian,France,1984,
Vyzmanavin,Alexey,Alexey Vyzmanavin,Russia,1960,2000
Gavrikov,Viktor,Viktor Gavrikov,"Lithuania,Switzerland",1957,
Nikolić,Predrag,Predrag Nikolić,Bosnia and Herzegovina,1960,
Zytogorski,Adolf,Adolf Zytogorski,"Poland,England",1807,1882
Watson,William,William Watson,England,1962,
Ribli,Zoltán,Zoltán Ribli,Hungary,1951,
Reinhardt,Heinrich,Heinrich Reinhardt,"Germany,Argentina",1903,1990
Kan,Ilya,Ilya Kan,Russia,1909,1978
Kmoch,Hans,Hans Kmoch,"Austria,Netherlands,US",1894,1973
Mariotti,Sergio,Sergio Mariotti,Italy,1946,
Khoudgarian,Natalia,Natalia Khoudgarian,"Russia,Canada",1975,
Pollock,William,William Pollock,United Kingdom,1859,1896
Zhang,Zhong,Zhang Zhong,"China,Singapore",1978,
Bhat,Vinay,Vinay Bhat,US,1984,
Al-Modiahki,Mohamad,Mohamad Al-Modiahki,Qatar,1974,
Belkhodja,Slim,Slim Belkhodja,Tunisia,1962,
Asztalos,Lajos,Lajos Asztalos,"Austria-Hungary,Yugoslavia,Hungary",1889,1956
Antonio,Rogelio,Rogelio Antonio Jr.,Philippines,1962,
Üitümen,Tüdeviin,Tüdeviin Üitümen,Mongolia,1939,1993
Gordon,Stephen J.,Stephen J. Gordon,England,1986,
Jiménez,Eleazar,Eleazar Jiménez,Cuba,1928,2000
Polihroniade,Elisabeta,Elisabeta Polihroniade,Romania,1935,2016
Rivière,Jules Arnous de,Jules Arnous de Rivière,France,1830,1905
Carrera,Pietro,Pietro Carrera,Sicily,1573,1647
"Balla,von",Zoltán,Zoltán von Balla,Hungary,1883,1945
Spangenberg,Hugo,Hugo Spangenberg,Argentina,1975,
Eidelson,Rakhil,Rakhil Eidelson,Belarus,1958,
Sämisch,Friedrich (Fritz),Friedrich (Fritz) Sämisch,Germany,1896,1975
Wang,Lei,Wang Lei,China,1975,
Hirschbein,Moshe,Moshe Hirschbein,Poland,1894,1940
Gu,Xiaobing,Gu Xiaobing,China,1985,
Kohler,Anton,Anton Kohler,Germany,c. 1907,1961
Tringov,Georgi,Georgi Tringov,Bulgaria,1937,2000
Galkin,Aleksandr,Aleksandr Galkin,Russia,1979,
Semenova,Lidia,Lidia Semenova,Ukraine,1951,
Yermolinsky,Alex,Alex Yermolinsky,US,1958,
McNab,Colin,Colin McNab,Scotland,1961,
Kinnmark,Ove,Ove Kinnmark,Sweden,1944,
Rytshagov,Mikhail,Mikhail Rytshagov,Estonia,1967,
Frydman,Achilles,Achilles Frydman,Poland,1905,1940
Aagaard,Jacob,Jacob Aagaard,"Denmark,Scotland",1973,
Izoria,Zviad,Zviad Izoria,Georgia,1984,
"Saint-Amant,de",Pierre Charles Fournier,Pierre Charles Fournier de Saint-Amant,France,1800,1872
Mišanović,Vesna,Vesna Mišanović,Bosnia,1964,
Humpy,Koneru,Koneru Humpy,India,1987,
Acs,Peter,Peter Acs,Hungary,1981,
Rueb,Alexander,Alexander Rueb,Netherlands,1882,1959
Kemény,Emil,Emil Kemény,"Hungary,US",1860,1925
Lewitt,Moritz,Moritz Lewitt,Germany,1863,1936
Wolff,Patrick,Patrick Wolff,US,1968,
Sutovsky,Emil,Emil Sutovsky,"Azerbaijan,Israel",1977,
Keller,Dieter,Dieter Keller,Switzerland,1936,
Milev,Zdravko,Zdravko Milev,Bulgaria,1929,1984
Atkins,Henry,Henry Atkins,England,1872,1955
Sigurjónsson,Guðmundur,Guðmundur Sigurjónsson,Iceland,1947,
Kosintseva,Nadezhda,Nadezhda Kosintseva,Russia,1985,
Bröder,Mirko,Mirko Bröder,"Hungary,Serbia",1911,1943
Owen,John,John Owen,England,1827,1901
Zhou,Weiqi,Zhou Weiqi,China,1986,
Mazel,Isaak,Isaak Mazel,"Belarus,Russia",1911,1943
Grischuk,Alexander,Alexander Grischuk,Russia,1983,
Grachev,Boris,Boris Grachev,Russia,1986,
Mestel,Jonathan,Jonathan Mestel,England,1957,
Weiming,Goh,Goh Weiming,Singapore,1983,
Waitzkin,Josh,Josh Waitzkin,United States,1976,
Löwy,Leopold,Leopold Löwy Jr,Austria,1871,>1909
Koyalovich,Boris,Boris Koyalovich,Russia,1867,1941
Nepomniachtchi,Ian,Ian Nepomniachtchi,Russia,1990,
Motwani,Paul,Paul Motwani,Scotland,1962,
Williams,Simon,Simon Williams,England,1979,
Kobalia,Mikhail,Mikhail Kobalia,Russia,1978,
Te Kolsté,Jan Willem,Jan Willem te Kolsté,Netherlands,1874,1936
Inarkiev,Ernesto,Ernesto Inarkiev,"Kyrgyzstan,Russia",1985,
Riumin,Nikolai,Nikolai Riumin,Russia,1908,1942
Kraemer,Adolf,Adolf Kraemer,Germany,1898,1972
Goltz,Alexander Ferdinand von der,Alexander Ferdinand von der Goltz,Germany,1819,1858
Dimer,Julius,Julius Dimer,Germany,1871,1945
Zemgalis,Elmārs,Elmārs Zemgalis,"Latvia,US",1923,2014
Malaniuk,Vladimir,Vladimir Malaniuk,"Russia,Ukraine",1957,
Gundersen,Gunnar,Gunnar Gundersen,"France,Norway,Australia",1882,1943
Kelly,Brian,Brian Kelly,Ireland,1978,
Zvjaginsev,Vadim,Vadim Zvjaginsev,Russia,1976,
